Ano_Fecha,Nombre_Departamento,AFRO_FAM,AVVRA_FAM,AHE_FAM,AVV40_FAM,DESARRA_FAM,AVV2_FAM,DRPE_FAM,GI_PEE_FAM,FA_DES_FAM,FA_IND_FAM,FA_SIS_FAM,IRR_FAM,PFG_FAM,HAB_MH_FAM,HAB_RUR_FAM,LP_FAM,PDP_FAM,PP_FAM,RESA_FAM,RETOR_FAM,UNIDOS_FAM,FAM_BAN_FAM,EXPUL_FAM,RECEP_FAM,FASAN_SIS_FAM,FASAN_DES_FAM,FASAN_IND_FAM,ICBF_FAM_BIENE_FAM,GPDE_FAM,UNI_PROM_FAM,MFA_UNI_FAM,MFA_SIS_FAM,MFA_DES_FAM,GIV_FAM,MFA_IND_FAM,HAB_FAM,MFA_BAN_FAM,MFA_INS_FAM,GI_IRACA_FAM,ACT_PROS_INV,AVVRA_INV,DESARRA_INV,MUSICA_INV,AHE_INV,AVV40_INV,AVV2_INV,AFRO_INV,DRPE_INV,GI_PEE_INV,FA_DES_INV,FA_IND_INV,FA_SIS_INV,IRR_INV,PFG_INV,GI_CAP_INV,GI_DEI_INV,GI_ICETEX_INV,GI_ICE_INV,GI_MA_INV,GI_MP_INV,GI_OTRAS_INV,GI_PAI_INV,GI_RAI_INV,GI_RIE_INV,GI_TU_INV,GI_TT_INV,GI_SIT_INV,GAM_INV,HAB_MH_INV,HAB_RUR_INV,IPS_INV,LP_INV,OPP_INV,PDP_INV,PE_INV,PP_INV,RESA_INV,UNIDOS_INV,GIV_INV,FASAN_DES_INV,FASAN_SIS_INV,FASAN_IND_INV,NTP_INV,IND1290_INV,AYUHUM_INV,IND418_INV,EN_NNA_INV,GPDE_INV,PI_INV,GI_IRACA_INV,MFA_SIS_INV,MFA_UNI_INV,MFA_DES_INV,LA_INV,MFA_IND_INV,HAB_INV,JEA_INV,DPS_INV,GI_PEE_PER,FA_DES_PER,FA_IND_PER,FA_SIS_PER,MUSICA_PER,GI_CAP_PER,GI_DEI_PER,GI_ICETEX_PER,GI_ICE_PER,GI_MA_PER,GI_MP_PER,GI_OTRAS_PER,GI_PAI_PER,GI_RAI_PER,GI_RIE_PER,GI_SIT_PER,GI_TT_PER,GI_TU_PER,GAM_PER,IPS_PER,LA_PER,PROT_TIER_PER,RETORNO_PER,UNIDOS_PER,GIV_PER,EXPUL_PER,RECEP_PER,FASAN_DES_PER,FASAN_SIS_PER,FASAN_IND_PER,IND418_PER,IND1290_PER,AYU_HUM_PER,ICBF_NN_SIN_EDU_INI_PER,ICBF_GEN_BIENE_PER,ICBF_NNA_PAE_PER,NN_PAI_PER,EN_NNA_PER,GPDE_PER,JEA_REG_PER,MPR_PREOR_PER,MPR_DIS_PER,MPR_COR_PER,MFA_DES_PER,MFA_SIS_PER,MFA_UNI_PER,GI_IRACA_PER,JEA_MAT_PER,JEA_CUP_PER,UNI_COG_PER,MFA_IND_PER,JEA_PER,JEA_ENROL_PER,JEA_PRO_MAT_PER,ACT_PROS_PRO,MUSICA_PRO,DESARRA_PRO,GI_PEE_PRO,GI_CAP_PRO,GI_DEI_PRO,GI_ICETEX_PRO,GI_ICE_PRO,GI_MA_PRO,GI_MP_PRO,GI_OTRAS_PRO,GI_PAI_PRO,GI_RAI_PRO,GI_RIE_PRO,GI_SIT_PRO,GI_TT_PRO,GI_TU_PRO,LA_PRO,OPP_PRO,PROT_TIER_PRO,PP_PRO,GIV_PRO,NTP_PRO,PI_PRO,MPR_COR_PRO,MPR_DIS_PRO,MPR_PREOR_PRO,TOT_INV
2012,CASANARE,0,0,3880,0,0,0,0,0,0,0,0,0,0,0,0,0,0,0,0,0,24263,0,78,937,24286,3955,0,1918,0,1029,0,0,0,0,0,0,0,0,360,0,0,0,929.103,319.151.305,0,0,0,0,0,0,0,0,0,0,54.701.023,0,0,0,0,0,0,0,0,0,0,0,0,0,0,0,0,0,0,0,0,0,0,0,54.701.023,2.469.705,12650.71,0,0,1.216.133.454,34.002,3.978.052,699.062.988,0,0,918,0,0,0,0,0,0,0,1.618.602.632,0,0,0,0,145,68,0,0,1,1985,0,0,0,0,386,0,0,0,0,0,0,0,0,87090,2440,280,3067,7247,40794,0,44,1903,3,982,2376,49929,6762,123,0,0,0,0,0,0,0,0,0,0,0,163,0,0,0,0,0,1,0,0,3,0,0,1,9,0,0,0,0,1,0,0,0,0,0,0,0,14,0,0,0,0,0,0
2012,ATLÁNTICO,0,0,51176,0,0,0,0,11920,0,0,0,0,0,0,0,0,0,0,5880,0,131892,0,42,4470,227478,15256,0,15226,0,1996,0,0,0,0,0,0,0,0,0,73.709.791,0,0,4.941.342,470.015.121,0,0,0,0,1.695.241.587,0,0,0,0,0,282.914.438,0,0,146.4,0,0,0,0,0,0,0,0,0,0,0,0,1.912.581.228,0,2.449.833.461,0,0,0,131.119.856,0,429.314.438,9212.84,119531.06,0,0,2.001.786.256,68.004,115.184.227,147.918.674,5.390.647.448,0,0,0,0,0,0,0,0,0,4.009.546.358,0,0,0,0,930,434,0,0,1646,4014,0,0,0,0,1246,0,0,7392,4196,644,0,0,0,487362,14732,128,13812,27524,391192,0,128,3976,6,145902,12342,283026,62346,266,160,0,0,0,0,0,0,0,0,0,0,888,0,0,0,0,6,6,0,0,14,0,0,12,12,0,0,0,0,6,0,0,10,0,92,0,0,54,0,0,0,0,0,0
2011,NARIÑO,0,548,42539,39,0,1507,0,0,0,0,0,0,0,0,0,0,172,873,971,0,66296,0,8019,7117,93037,16564,12616,0,601,0,0,0,0,0,0,0,0,0,0,534.035.584,9.434.321.422,0,634.538.898,358.411.064,623.833.057,15.837.612,0,0,0,0,0,0,0,0,460.665.714,0,0,161.2,2.713.112.497,40.121.204,0,0,0,297.023.709,0,0,262.369.543,0,0,0,0,0,3.097.985.885,44.999.913,0,639.957,305.788.125,0,4.295.583.502,10.234.435,48813.41,7260.72,0,7.654.276.079,0,0,0,3.198.460.102,0,0,0,0,0,0,0,0,0,1.062.568.301,0,0,0,0,1400,668,0,0,210,4805,250,0,0,406,500,1086,0,0,46710,0,0,1043,0,248850,7925,27664,25035,30562,166562,20324,0,963,0,82419,3135,268842,4795,0,3394,0,0,0,0,0,0,0,0,0,0,407,0,0,0,0,64,10,0,0,26,0,0,7,14,1,0,0,3,1,41,0,0,0,56,1536,0,93,0,0,0,0,0,0
2010,CUNDINAMARCA,0,344,7143,4,0,1,0,0,0,0,0,0,16,0,0,0,0,333,1490,0,70012,0,172,1669,93117,7850,0,0,0,0,0,0,0,0,0,0,0,0,0,387.950.338,660.554.038,0,44.003.973,65.697.625,78.088,0.9938,0,0,0,0,0,0,0,7.752,260.074.397,0,122.268.005,0,626.081.263,0,146.337.077,320,0,0,0,0,0,19.627.904,0,0,0,0,1.295.038.187,0,0,333.984,276,0,1.474.760.742,5565.82,59.569.016,0,0,17.526.583,0,0,0,0,0,0,0,0,0,0,0,0,0,8.068.359.659,0,0,0,0,1080,435,0,34,0,1252,0,196,200,283,0,0,0,0,18668,0,2800,20,0,0,2400,637,5806,15244,171669,0,0,217,0,30430,4893,224756,6408,0,0,0,0,0,0,0,0,0,0,0,0,491,0,0,0,0,32,10,0,0,15,0,15,0,6,0,23,2,10,0,0,0,0,70,60,23,0,71,0,0,0,0,0,0
2013,AMAZONAS,0,0,137,0,0,0,0,0,0,0,0,0,0,0,0,0,0,0,0,0,1096,2767,0,0,0,0,1860,0,0,8,507,1528,149,0,2759,0,2767,5108,0,0,0,0,57.638.938,99.338,0,0,0,0,0,0,0,0,0,0,0,0,0,0,0,0,0,0,0,0,0,0,0,0,0,0,0,0,0,0,0,0,0,0,0,0,0,162.375,0,19.570.739,0,0,5.895,0,0,0,672.65,232.55,76.47,0,1537.16,0,0,2.738.843.938,0,0,0,0,146,0,0,0,0,0,0,0,0,0,0,0,0,0,0,0,0,0,0,5374,0,0,0,0,0,4372,0,36,0,300,0,8616,1726,3,0,207,146,0,0,320,3242,1169,0,27,94,8,6659,0,0,40,0,1,0,0,0,0,0,0,0,0,0,0,0,0,0,0,0,0,0,0,0,0,0,0,0,0,1,0
2011,VAUPÉS,0,41,255,0,0,0,0,0,0,0,0,0,0,0,0,0,0,0,0,0,371,0,42,28,289,121,0,0,0,0,0,0,0,0,0,0,0,0,0,0,878.384,0,75.421.329,2.382.995,0,0,0,0,0,0,0,0,0,0,0,0,0,0,0,0,0,0,0,0,0,0,0,0,0,0,0,0,0,0,0,0,0,0,0,87.835,185.465,0,0,235.664,0,0,0,0,0,0,0,0,0,0,0,0,0,348.721.329,0,0,0,0,175,0,0,0,0,0,0,0,0,0,0,0,0,0,0,0,0,2,0,1360,0,150,103,301,611,0,0,11,0,759,0,5485,0,0,0,0,0,0,0,0,0,0,0,0,0,4,0,0,0,0,0,1,0,0,0,0,0,0,0,0,0,0,0,0,0,0,0,0,0,2,0,0,0,0,0,0,0,0
2013,BOLÍVAR,0,0,23656,0,0,0,0,0,0,0,0,0,0,0,0,0,0,0,720,0,81386,166753,3,22,0,0,0,0,0,1310,34115,117063,29284,0,0,0,166753,192911,0,0,0,0,375.889.852,1.887.986.475,0,0,0,0,0,0,0,0,0,0,0,0,0,0,0,0,0,0,0,0,0,0,0,0,0,0,489.9,0,0,0,0,0,72.427.134,0,0,0,0,0,0,2.995.312.792,21.222,0,28.917.333,0,0,0,51.539.455,13616.11,13.910.635,0,0,0,2040.4,8.269.666.119,0,0,0,0,733,0,0,0,0,0,0,0,0,0,0,0,0,0,0,1090,0,0,0,352558,0,6,68,0,0,0,0,608,18,69432,0,186400,34235,53,0,21705,733,0,0,58085,222350,63193,0,4835,5000,592,0,2646,3338,100,0,6,0,0,0,0,0,0,0,0,0,0,0,0,0,0,0,0,0,0,0,0,0,0,0,0,6,0
2012,ANTIOQUIA,0,0,363872,0,0,0,0,11514,0,0,0,17088,7548,0,0,0,0,0,6110,0,284532,0,5960,44920,305892,127142,510,20602,0,6910,0,0,0,0,0,0,0,0,1708,0,0,0,221.786.484,3.080.612.733,0,0,0,0,2.555.626.382,0,0,0,20100.8,8.548.416,441.820.758,0,0,145.6,0,0,0,0,0,0,0,0,0,0,0,0,5.035.421.214,0,6.018.104.826,0,0,0,1.828.444.114,0,456.380.758,76048.88,156680.27,353.45,0,5.372.646.399,4.170.912,1.031.548.893,1.433.832.469,2.463.156,0,4355.4,0,0,0,0,0,0,0,3.571.679.654,0,0,0,0,3512,9290,0,0,788,12724,0,0,0,532,2454,0,0,6830,48204,1844,0,0,0,1149752,32618,20632,136046,229164,518314,1098,918,95826,368,186364,48898,933722,245286,2392,126,0,0,0,0,0,0,0,0,0,0,2506,0,0,0,0,0,26,0,0,184,0,0,96,52,0,0,0,2,10,0,0,10,0,52,0,0,354,0,0,0,0,0,0
2013,CALDAS,0,0,4662,0,0,0,0,0,0,0,0,0,8,0,0,0,0,0,0,0,24058,34294,1,7,0,0,5252,4035,0,763,11589,20495,5802,0,4565,0,34294,48740,0,0,0,0,172.916.814,335.321.755,0,0,0,0,0,0,0,0,0,1.632,0,0,0,0,0,0,0,0,0,0,0,0,0,0,0,0,922.2,0,0,0,0,0,0,0,0,0,0,348.35,0,2.205.732.646,8.253,0,240.065.622,0,0,0,7601.04,4029.04,2568.89,0,1908.31,0,816.6,1.836.734.681,0,0,0,0,459,0,0,0,0,0,0,0,0,0,0,0,0,0,0,554,0,0,0,93037,0,1,19,0,0,9190,0,359,7,7961,0,120113,27673,28,0,3819,459,0,0,10262,35336,19920,0,1193,2391,190,7963,919,997,128,0,3,0,0,0,0,0,0,0,0,0,0,0,0,0,0,0,0,0,0,0,0,0,0,0,0,3,0
2012,CUNDINAMARCA,0,0,16428,0,0,0,0,1760,0,0,0,460,0,0,0,0,0,0,2225,0,65090,0,175,1872,72138,7699,0,4457,0,3086,0,0,0,0,0,0,0,0,0,0,0,0,3.399.774,1.394.811.935,0,0,0,0,3.969.871.682,0,0,0,545.4,0,335.752.946,0,0,0,0,0,0,0,0,0,0,0,0,0,0,0,125.370.395,0,3.643.693.275,0,0,0,637.993.876,0,335.752.946,4699.52,36613.52,0,0,8.753.834.057,34.002,11.334,262.762.924,0,0,0,0,0,0,0,0,0,0,8.370.433.905,0,0,0,0,636,456,0,0,6,6725,0,0,0,136,0,0,0,2959,0,72,0,0,0,211069,10282,609,6054,14281,122574,0,1,1394,3,25921,7404,224642,30441,59,0,0,0,0,0,0,0,0,0,0,0,528,0,0,0,0,0,4,0,0,19,0,0,4,28,0,0,0,1,0,0,0,4,0,42,0,0,56,0,0,0,0,0,0
2010,ATLÁNTICO,0,90,8712,4,0,1,0,0,0,0,0,0,0,0,0,0,0,0,0,0,68495,0,97,2117,133391,7173,0,0,0,0,0,0,0,0,0,0,0,0,0,2.347.789.024,1751,0,496.215.014,86.296.415,50.121.333,0.9938,0,0,0,0,0,0,0,0,49.459.986,0,605.528.661,0,0,0,2.613.162,639.9,0,0,0,0,0,33.721.046,0,0,0,0,1.469.565.595,0,0,0,0,0,1.297.501.809,4815.79,86022.36,0,0,221.970.014,0,0,0,0,0,0,0,0,0,0,0,0,0,1.097.090.328,0,0,0,0,1380,34,0,166,0,0,0,1,400,0,0,0,0,0,16362,0,0,3,0,0,601,335,7562,13104,322250,0,0,265,0,73548,495,129990,6534,0,0,0,0,0,0,0,0,0,0,0,0,323,0,0,0,0,185,8,0,0,4,0,6,0,0,0,1,3,0,0,0,0,0,0,11,3,0,14,0,0,0,0,0,0
2010,CESAR,0,862,15324,12,0,1,0,0,0,0,0,0,0,16,253,0,0,363,2292,312,57165,0,343,4184,65581,14979,1318,0,0,0,0,0,0,0,0,269,0,0,0,1.695.326.346,164.402.144,0,374.501.897,15.287.366,143.537.569,0.9938,0,0,0,0,0,0,0,0,127.130.804,0,78.830.313,0,97.956.933,0,720.555.377,636.17,0,0,0,0,0,58.655.645,16.48,2.817.792.243,0,0,2.292.837.704,0,0,1.197.173.485,657.799.952,0,1.660.643.427,10.941.995,44097.22,929.985,0,866.979.634,0,0,0,0,738.427.297,0,0,0,0,0,0,2.834.272.243,0,6.628.166.451,0,0,0,0,1020,95,0,22,0,177,0,27,400,546,0,0,0,0,22564,0,1200,129,1064,0,1267,1301,17674,30448,128457,2645,0,996,0,45848,1530,143720,3348,0,0,0,0,0,0,0,0,0,0,0,0,335,0,0,0,0,31,7,0,0,8,0,9,0,3,0,12,3,7,0,0,0,0,10,2,149,0,42,0,0,0,0,0,0
2010,CAUCA,0,922,9693,22,0,1312,0,0,0,0,0,0,3190,0,181,0,0,42,4408,0,69295,0,3536,2509,81374,12298,26744,0,0,0,0,0,0,0,0,181,0,0,0,163.635.779,1.722.556.962,0,315.205.764,90.122.175,3.584.516,13.337.128,0,0,0,0,0,0,0,6.999.444,664.558.053,0,486.514.336,0,1.942.126.884,0,15.678.972,820.55,0,0,0,0,0,80.392.531,0,2.143.151.342,0,0,7.952.067.386,0,0,32.16,1.424.790.694,0,3.929.428.245,8.162.175,49.308.097,18.230.385,0,79.678.843,0,0,0,0,0,0,0,0,0,0,0,2.143.151.342,0,9.318.205.075,0,0,0,0,780,882,0,135,0,3462,0,6,516,24,0,0,0,0,30736,0,0,34,0,0,5025,11657,8299,22199,154312,54204,0,927,0,47302,5565,184497,4997,0,0,0,0,0,0,0,0,0,0,0,0,417,0,0,0,0,34,5,0,0,36,0,15,0,19,0,3,3,4,0,0,0,0,0,50,38,0,80,0,0,0,0,0,0
2011,QUINDÍO,0,36,6122,1,0,14,0,0,0,0,0,0,0,0,0,0,0,0,466,0,16846,0,71,866,21238,2837,0,0,0,0,0,0,0,0,0,0,0,0,0,191.336.216,6.216.104,0,60.337.064,49.865.238,19.876,143.476,0,0,0,0,0,0,0,0,2.456.937,42.657,0,66.7,0,0,0,0,0,0,108.393.119,0,25.850.406,0,0,0,91.8,0,676.464.932,0,0,0,100,0,1.464.832.295,1.725.075,10817.12,0,0,841.204.258,0,0,0,0,0,0,0,0,0,0,0,0,0,1.512.696.551,0,0,0,0,140,116,2,0,90,0,0,0,0,0,0,107,0,1269,0,118,0,0,0,65916,1584,245,2652,5271,33776,0,0,94,0,14898,990,51315,4221,0,0,0,0,0,0,0,0,0,0,0,0,86,0,0,0,0,14,1,0,0,16,2,0,3,0,0,0,0,0,0,5,0,1,0,2,0,0,27,0,0,0,0,0,0
2011,HUILA,0,464,26048,3,0,282,0,0,0,0,0,0,3458,0,0,0,0,0,900,0,62713,0,1596,2454,74365,12148,43,0,0,0,0,0,0,0,0,0,0,0,0,403.581.001,8.830.518.611,0,241.348.255,224.114.835,35.925.605,2.872.102,0,0,0,0,0,0,0,8.418.264,237.874.285,0,0,42,1.657.457.475,0,0,0,0,0,0,0,172.980.287,0,0,0,0,0,2.171.718.285,0,0,0,250,0,2.110.312.047,7708.7,44088.58,25.865,0,1.143.303.488,0,0,0,0,0,0,0,0,0,0,0,0,0,7.654.556.915,0,0,0,0,560,243,0,0,62,2984,0,0,0,313,0,716,0,0,21448,0,0,20,0,241786,4318,5478,8298,23115,137658,84,0,1888,0,40168,3330,108600,4829,0,0,0,0,0,0,0,0,0,0,0,0,322,0,0,0,0,15,4,0,0,11,0,0,2,11,0,0,0,1,0,21,0,0,0,50,23,0,46,0,0,0,0,0,0
2011,BOLÍVAR,0,489,39741,7,0,11,0,273,0,0,0,0,0,0,0,0,0,1341,1466,0,70318,0,1331,7733,157195,16095,0,0,571,559,0,0,0,0,0,0,0,0,0,159.508.392,9.246.228.918,0,430.979.026,348.405.267,102.721.266,112.938,0,0,140.039.992,0,0,0,0,0,23.905.659,0,0,39,2.939.002.177,80.242.408,0,0,0,558.586.956,2.521.959.395,0,40.587.551,0,0,0,379.2,0,2.722.151.335,0,0,90,518.228.552,0,6.925.465.818,10555.22,93445.16,0,0,4.351.145.185,0,0,0,1.240.326.286,0,0,0,0,0,0,0,0,0,152.178.578,0,0,0,0,1000,38,0,0,39,5712,500,0,0,0,900,168,0,3090,47578,714,4805,767,0,285652,10447,4645,27692,32036,290282,0,0,498,0,81771,5640,183914,6289,0,2524,0,0,0,0,0,0,0,0,0,0,380,0,0,0,0,17,7,0,0,2,0,0,1,11,2,0,0,0,1,9,0,1,47,10,869,0,27,0,0,0,0,0,0
2010,BOYACÁ,0,135,742,1,0,0,0,0,0,0,0,0,1,0,0,0,0,500,842,0,53107,0,84,258,69310,1975,0,0,0,0,0,0,0,0,0,0,0,0,0,561.328.993,25.451.697,0,50.323.692,628.684,9.23,0,0,0,0,0,0,0,0,1.224,23.069.373,0,151.293.195,0,245.065.059,0,31.357.946,0,0,0,0,0,0,0,0,0,0,0,4.131.748.994,0,0,60,230.625,0,65.840.993,1.412.405,45.709.445,0,0,167.054.464,0,0,0,0,0,0,0,0,0,0,0,0,0,5.275.428.661,0,0,0,0,150,177,0,42,0,471,0,12,0,57,0,0,0,0,0,0,3500,7,0,0,759,275,850,3969,132780,0,0,212,0,38304,5145,134310,3785,0,0,0,0,0,0,0,0,0,0,0,0,393,0,0,0,0,15,1,0,0,16,0,13,0,12,0,6,0,1,0,0,0,0,30,9,10,0,48,0,0,0,0,0,0
2010,CÓRDOBA,0,273,10729,23,301,4,0,0,0,0,0,0,103,0,0,0,0,67,2726,0,120826,0,2971,3283,154341,14927,1670,0,0,0,0,0,0,0,0,0,0,0,0,138.443.596,526.595.894,2.907.027.397,531.714.674,104.585.225,3.836.795,40.476,0,0,0,0,0,0,0,46.512,811.428.558,0,201.029.528,0,506.916.454,0,679.425.989,796.8,0,0,0,0,0,189.436.905,0,0,0,0,5546,0,0,22.475.141,85.374.308,0,2.995.600.529,10.480.796,100888.17,900.15,0,371.322.842,0,0,0,0,0,0,0,0,0,0,0,0,0,1.266.770.745,0,0,0,0,1110,1138,0,56,0,945,0,4,498,156,0,0,0,0,41482,0,0,34,0,0,2797,10928,13054,30321,334608,4846,0,628,0,84527,4650,186741,3736,0,0,0,0,0,0,0,0,0,0,0,0,645,0,0,0,0,50,7,1,0,50,0,13,0,18,0,5,3,1,0,0,0,0,0,7,44,0,90,0,0,0,0,0,0
2010,SANTANDER,0,437,12394,10,745,2,0,0,0,0,0,0,14,0,0,0,0,281,5222,0,49446,0,570,1907,84260,13779,0,0,204,0,0,0,0,0,0,0,0,0,0,5.238.510.075,8.258.574.608,5.632.777.654,410.391.663,117.924.545,161.854.868,20.238,0,0,0,0,0,0,0,9.216,201.218.122,0,462.738.052,0,0,0,333.479.393,1118.12,0,0,0,0,0,19.397.472,0,0,0,0,8281.5,0,0,22.684.941,532.375,0,2.115.555.567,9.575.135,53.175.626,0,0,631.247.888,0,0,0,193.263.894,0,0,0,0,0,0,0,0,0,8.517.453.233,0,0,0,0,1190,187,0,127,0,0,0,18,699,188,0,0,0,0,28977,0,3000,50,0,0,1219,2014,6879,26062,164885,0,0,831,0,51467,5130,150228,4746,0,425,0,0,0,0,0,0,0,0,0,0,320,0,0,0,0,119,10,3,0,16,0,6,0,0,0,19,8,1,0,0,0,0,15,14,64,0,50,0,0,0,0,0,0
2011,PUTUMAYO,0,1043,20135,9,0,118,0,0,0,0,0,0,473,0,0,0,0,0,986,0,23284,0,1909,1555,16592,12000,2778,0,0,0,0,0,0,0,0,0,0,0,0,218.791.055,1.874.070.196,0,690.566.171,161.697.381,15.939.754,122.374,0,0,0,0,0,0,0,570.792,406.217.518,0,0,0,106.245.073,0,0,0,0,0,0,0,128.527.251,0,0,0,0,0,2.560.898.813,0,0,0,310.511.939,0,640.989.842,7.753.735,9346.05,1.339.165,0,1.509.113.696,0,0,0,0,0,0,0,0,0,0,0,0,0,2.286.070.782,0,0,0,0,1530,429,0,0,0,164,0,0,0,167,0,532,0,0,18943,0,0,295,0,90336,1292,6007,4950,22757,30044,5624,0,2118,0,6765,990,49043,1057,0,0,0,0,0,0,0,0,0,0,0,0,136,0,0,0,0,10,11,0,0,20,0,0,0,3,0,0,0,1,0,13,0,0,0,4,336,0,37,0,0,0,0,0,0
2013,LA GUAJIRA,0,0,7548,0,0,0,0,0,0,0,0,0,0,0,0,0,0,0,2250,0,20048,32135,0,1,0,0,9299,786,0,103,7695,21473,11240,0,23061,0,32135,67562,0,0,0,0,260.611.977,63.935.586,0,0,0,0,0,0,0,0,0,0,0,0,0,0,0,0,0,0,0,0,0,0,0,0,0,0,0,0,0,0,0,0,1.263.957.836,0,0,0,0,829.78,0,1.943.663.482,5.895,0,271.953.642,0,0,0,9.974.395,3413.85,5507.73,0,12.888.175,0,273.8,3.441.229.981,0,0,0,0,520,0,0,0,0,0,0,0,0,0,0,0,0,0,7612,0,0,0,0,92916,0,0,1,0,0,24998,0,386,5,10290,0,93597,36707,52,0,2726,520,0,0,21924,42599,14844,0,755,900,159,54447,338,433,30,0,4,0,0,0,0,0,0,0,0,0,0,0,0,0,0,0,0,0,0,0,0,0,0,0,0,4,0
2010,ARCHIPIÉLAGO DE SAN ANDRÉS  PROVIDENCIA Y SANTA CATALINA,0,0,15,0,0,0,0,0,0,0,0,0,786,0,0,0,0,351,1279,0,1635,0,1,7,1659,4,0,0,0,0,0,0,0,0,0,0,0,0,0,15.662.965,0,0,64.367.514,11.007,0,0,0,0,0,0,0,0,0,868.428,0,0,0,0,0,0,0,0,0,0,0,0,0,0,0,0,0,0,0,0,0,144.052.844,165.8,0,0,2.105,962.26,0,0,0,0,0,0,0,0,0,0,0,0,0,0,0,0,1.210.195.479,0,0,0,0,180,0,0,0,0,0,0,0,0,339,0,0,0,0,0,0,0,0,0,0,339,1,19,8,2665,0,0,0,0,1124,1440,8707,169,0,0,0,0,0,0,0,0,0,0,0,0,8,0,0,0,0,4,1,0,0,0,0,0,0,0,0,0,0,2,0,0,0,0,0,0,0,0,2,0,0,0,0,0,0
2011,GUAVIARE,0,299,5582,1,0,13,0,0,0,0,0,0,254,0,0,0,0,0,0,0,5539,0,673,533,5007,2642,0,0,0,0,0,0,0,0,0,0,0,0,0,0,5.770.359.441,0,120.674.127,42.672.311,15.383.334,13.415,0,0,0,0,0,0,0,295.392,68.157.715,0,0,0,0,393.187.799,0,0,0,0,0,0,26.333.591,0,0,0,0,0,270,0,0,0,0,0,487.679.105,1.683.795,2.842.705,0,0,2.618.811.915,0,0,0,0,0,0,0,0,0,0,0,0,0,5.404.853.232,0,0,0,0,280,127,0,0,0,0,245,0,0,3303,0,109,0,0,11786,0,0,35,0,20129,3784,1948,1718,5003,8869,0,0,337,0,480,668,16520,339,0,0,0,0,0,0,0,0,0,0,0,0,42,0,0,0,0,0,2,0,0,4,0,0,0,0,1,0,0,1,0,3,0,0,0,1,46,0,9,0,0,0,0,0,0
2010,SUCRE,0,310,22040,8,545,0,0,0,0,0,0,0,0,0,0,0,0,0,1310,540,77993,0,261,3776,77173,16912,0,0,0,0,0,0,0,0,0,0,0,0,0,599.973.639,6.144.044.373,2.585.933.707,320.277.144,21.716.246,109.974.763,0,0,0,0,0,0,0,0,0,230.034.838,0,266.942.239,0,0,0,603.035.881,800,0,0,0,0,0,42.980.881,0,0,0,0,1.300.813.538,0,0,0,385.362.994,0,1.900.012.958,11735.33,51.595.745,0,0,4.806.474.013,0,0,0,0,0,0,0,0,0,0,0,0,0,8.217.375.171,0,0,0,0,740,291,0,74,0,0,0,0,500,33,0,0,0,0,24650,0,0,63,1867,0,898,917,15080,32477,166180,0,0,587,0,47958,4470,123958,2248,0,0,0,0,0,0,0,0,0,0,0,0,400,0,0,0,0,13,7,2,0,11,0,10,0,0,0,2,3,1,0,0,0,0,0,8,66,0,27,0,0,0,0,0,0
2013,NORTE DE SANTANDER,0,0,8871,0,0,0,0,0,0,0,0,0,0,0,0,0,0,0,0,0,41877,99947,2,4,0,0,0,895,0,446,16611,75076,13927,0,0,0,99947,113739,0,1.437.731.565,0,0,458.449.284,7.342.093,0,0,0,0,0,0,0,0,0,0,0,0,0,0,0,0,0,0,0,0,0,0,0,0,0,0,0,0,0,0,0,0,0,0,0,0,0,0,0,8.337.521.059,301.824,0,1.209.778.974,840,0,0,29411.37,6512.2,6584.07,0,0,0,1176.4,4.642.022.085,0,0,0,0,822,0,0,0,0,0,0,0,0,0,0,0,0,0,0,93,0,0,0,176667,0,7,12,0,0,0,0,1442,256,40541,0,139378,15158,197,0,11665,822,0,0,26875,134584,30150,0,2303,2500,356,0,1448,1893,40,22,7,0,0,0,0,0,0,0,0,0,0,0,0,0,0,0,0,0,0,0,0,0,0,0,0,7,0
2010,NACIONAL,0,0,0,0,0,0,0,0,0,0,0,0,0,0,0,0,0,0,0,0,0,0,10,0,0,0,0,0,61,0,0,0,0,0,0,0,0,0,0,0,0,0,0,0,0,0,0,0,0,0,0,0,0,0,0,0,0,0,0,0,0,0,0,0,0,0,0,0,0,0,0,0,170.225,0,0,0,0,0,0,0,0,0,0,0,0,0,0,1.387.848.298,0,0,0,0,0,0,0,0,0,1.558.073.298,0,0,0,0,0,0,0,0,0,0,0,0,0,0,0,0,0,0,0,0,0,0,0,0,0,42,0,0,0,0,0,0,0,0,0,0,0,0,2433,0,0,0,0,0,0,0,0,0,0,0,0,0,0,0,0,0,0,0,0,0,0,0,0,0,0,0,0,0,0,0,0,0,0,0,0,0,0,0,0,0,0,0
2013,GUAINÍA,0,0,465,0,0,0,0,0,0,0,0,0,393,0,0,0,0,0,0,0,555,1148,0,0,0,0,0,0,0,4,170,413,667,0,204,0,1148,1945,0,0,0,0,57.638.938,409.838,0,0,0,0,0,0,0,0,0,83.028,0,0,0,0,0,0,0,0,0,0,0,0,0,0,0,0,0,0,0,0,0,0,0,0,0,0,0,0,0,168.597,0,0,0,0,0,0,187.03,80.21,351.71,0,106.4,0,0,782.988.938,0,0,0,0,136,0,0,0,0,0,0,0,0,0,0,0,0,0,0,0,0,0,0,3020,0,0,0,0,0,0,0,1,0,466,0,5677,340,0,0,0,136,0,0,1559,792,347,0,0,0,4,417,0,0,0,0,1,0,0,0,0,0,0,0,0,0,0,0,0,0,0,0,0,0,0,0,0,0,0,0,0,1,0
2013,HUILA,0,0,11859,0,0,0,0,0,0,0,0,0,0,0,0,0,0,0,0,0,54809,98638,1,11,0,0,39,0,0,1262,28640,58730,16578,0,434,0,98638,110976,0,0,0,0,27.564.009,9.343.568,0,0,0,0,0,0,0,0,0,0,0,0,0,0,0,0,0,0,0,0,0,0,0,0,0,0,447.9,0,0,0,0,0,0,0,0,0,0,2.575,0,3.953.066.896,4.038.075,0,523.251.204,0,0,0,24.304.495,11532.52,7811.35,0,224.12,0,511.6,4.511.020.009,0,0,0,0,473,0,0,0,0,0,0,0,0,0,0,0,0,0,0,280,0,0,0,219564,0,1,27,0,0,78,0,728,37,39102,0,108552,15155,95,0,3915,473,0,0,30885,106714,53233,0,992,1100,408,918,614,769,0,0,4,0,0,0,0,0,0,0,0,0,0,0,0,0,0,0,0,0,0,0,0,0,0,0,0,4,0
2011,MAGDALENA,0,649,30413,4,0,0,0,0,0,0,0,0,922,0,0,0,0,822,1367,0,64399,0,385,5505,96017,17090,0,0,0,0,0,0,0,0,0,0,0,0,0,49.238.294,1.149.727.637,0,301.685.319,260.511.502,6.142.747,0,0,0,0,0,0,0,0,1.120.368,38.236.095,0,0,56.5,162.693.866,0,0,0,0,266.343.015,0,0,128.285.661,0,0,0,0,0,2.546.832.549,0,0,510.310.911,468.709.352,0,2.116.303.432,11.041.905,58268.36,0,0,5.872.484.766,0,0,0,4.654.962,1.225.458.819,0,0,0,0,0,0,0,0,7.692.713.361,0,0,0,0,700,84,0,0,117,3055,0,0,0,0,500,531,0,0,61028,0,1210,478,0,261926,4287,1410,17482,34472,185105,0,0,877,0,64838,6780,152520,3793,0,0,0,0,0,0,0,0,0,0,0,0,325,0,0,0,0,39,4,0,0,2,0,0,1,8,0,0,0,0,1,13,0,0,21,4,521,0,25,0,0,0,0,0,0
2013,VALLE DEL CAUCA,0,0,27086,0,0,0,0,0,0,0,0,0,0,0,0,0,0,0,700,0,74077,144094,1,14,0,0,0,0,0,1184,30743,101265,26573,0,413,0,144094,181249,0,0,0,0,510.317.257,2.417.068.775,0,0,0,0,0,0,0,0,0,0,0,0,0,0,0,0,0,0,0,0,0,0,0,0,0,0,436.5,0,0,0,0,0,368.289.582,0,0,0,0,0,0,1.583.166.883,153.27,0,1.928.858.148,0,0,0,36503.93,10.883.265,11966.98,0,246.72,0,2308,6.322.400.184,0,0,0,0,731,0,0,0,0,0,0,0,0,0,0,0,0,0,0,385,0,0,0,290351,0,1,45,0,0,0,0,2618,130,76994,0,360193,35845,279,0,38973,653,51,27,45647,164341,49567,0,5999,8709,573,633,2975,4573,160,0,7,0,0,0,0,0,0,0,0,0,0,0,0,0,0,0,0,0,0,0,0,0,0,1,1,6,0
2013,CAQUETÁ,0,0,13068,0,0,0,0,0,0,0,0,0,0,0,0,0,0,0,0,0,25796,29696,3,32,0,0,0,2305,0,372,7068,18333,18614,0,0,0,29696,47026,0,0,0,0,464.357.078,1.012.902.825,0,0,0,0,0,0,0,0,0,0,0,0,0,0,0,0,0,0,0,0,0,0,0,0,0,0,441.6,0,0,0,0,0,0,0,0,0,0,0,0,4.110.946.222,60.129,0,669.936.096,0,0,0,8545.42,2.873.555,8957.14,0,0,0,344,2.162.607.208,0,0,0,0,776,0,0,0,0,0,0,0,0,0,0,0,0,0,0,273,0,0,0,100370,0,14,98,0,0,0,0,714,51,8541,0,66671,9775,133,0,3705,673,83,20,35179,34063,12795,0,571,600,217,0,371,468,30,0,6,0,0,0,0,0,0,0,0,0,0,0,0,0,0,0,0,0,0,0,0,0,0,1,1,5,0
2011,LA GUAJIRA,0,195,15608,6,0,75,0,0,0,0,0,0,0,0,0,0,0,298,900,0,22326,0,308,2187,26620,7243,10936,0,0,0,0,0,0,0,0,0,0,0,0,408.371.397,3.635.927.028,0,316.769.584,145.153.438,100.568,80.34,0,0,0,0,0,0,0,0,68.410.025,0,0,49.7,146.349.322,0,0,0,0,289.520.278,0,0,67.645.923,0,0,0,0,0,16.713.645,0,0,232.75,32.928.384,0,621.625.547,4.835.325,16199.8,8978.36,0,1.558.960.208,0,0,0,0,0,0,0,0,0,0,0,0,0,3.336.089.987,0,0,0,0,735,121,0,0,105,240,0,0,0,188,500,280,0,0,26854,0,0,17,0,97314,1434,1217,7807,14579,52942,28985,0,165,0,15274,1695,93597,8241,0,0,0,0,0,0,0,0,0,0,0,0,126,0,0,0,0,40,5,0,0,3,0,0,2,2,0,0,0,3,1,9,0,0,0,2,18,0,20,0,0,0,0,0,0
2013,NARIÑO,0,0,25455,0,0,0,0,0,0,0,0,0,0,0,0,0,0,0,0,0,64679,96806,81,247,0,0,11543,0,0,771,27903,91779,26546,0,20014,0,96806,176871,0,0,0,0,622.486.387,21.123.998,0,0,0,0,0,0,0,0,0,0,0,0,0,0,0,0,0,0,0,0,0,0,0,0,0,0,0,0,0,0,0,0,0,0,0,0,0,776.925,0,5.577.448.407,6.631.875,11.79,1.587.492.172,0,0,0,35.774.975,10429.81,12094.57,0,8390.92,0,891.6,6.898.128.639,0,0,0,0,1072,0,0,0,0,0,0,0,0,0,0,0,0,0,0,0,0,0,0,264965,0,251,763,0,0,18789,1,910,566,73335,0,269391,28368,260,0,16478,934,102,36,49559,155743,45044,0,1278,1550,523,32014,969,1021,20,0,9,0,0,0,0,0,0,0,0,0,0,0,0,0,0,0,0,0,0,0,0,0,0,1,2,7,0
2011,SUCRE,0,693,39500,5,0,1,0,0,0,0,0,0,0,0,0,0,0,0,1424,0,81537,0,337,4962,71129,16367,0,0,0,0,0,0,0,0,0,0,0,0,0,43.290.883,1.350.214.096,0,272.516.516,352.925.049,91.428,10.712,0,0,0,0,0,0,0,0,335.420.833,0,0,0,2.617.722.378,40.121.204,0,0,0,398.958.811,0,0,125.386.549,0,0,0,0,0,7.331.714.077,0,0,0,396.311.998,0,3.878.700.611,9993.29,42346.95,0,0,1.564.844.359,0,0,0,3.319.785,0,0,0,0,0,0,0,0,0,6.758.255.909,0,0,0,0,560,372,0,0,0,4972,250,0,0,0,700,519,0,0,35575,0,0,31,0,322198,6813,1256,18509,30650,134422,0,0,2967,0,47670,4410,123958,2570,0,585,0,0,0,0,0,0,0,0,0,0,414,0,0,0,0,5,4,0,0,26,0,0,0,18,1,0,0,0,1,15,0,0,0,9,37,0,61,0,0,0,0,0,0
2013,QUINDÍO,0,0,3245,0,0,0,0,0,0,0,0,0,0,0,0,0,0,0,0,0,15281,20636,0,4,0,0,0,0,0,601,7890,11020,3600,0,0,0,20636,24384,0,0,0,0,57.638.938,23.830.357,0,0,0,0,0,0,0,0,0,0,0,0,0,0,0,0,0,0,0,0,0,0,0,0,0,0,451.5,0,0,0,0,0,0,0,0,0,0,0,0,1.348.271.478,14.148,0,132.238.998,0,0,0,3833.06,2533.94,1652.06,0,0,0,616.2,9.144.398.938,0,0,0,0,150,0,0,0,0,0,0,0,0,0,0,0,0,0,0,337,0,0,0,63745,0,0,14,0,0,0,0,255,12,13582,0,51427,4989,28,0,3509,150,0,0,6434,18323,12501,0,1055,1563,115,0,764,863,128,0,1,0,0,0,0,0,0,0,0,0,0,0,0,0,0,0,0,0,0,0,0,0,0,0,0,1,0
2012,CHOCÓ,0,0,25228,0,0,0,0,7722,0,0,0,853,0,0,0,0,0,0,3060,0,23228,0,1013,3097,19605,8441,0,2043,0,68,0,0,0,0,0,0,0,0,3034,0,0,0,2.470.671,2.040.395.025,0,0,0,0,1.339.229.042,0,0,0,992.8,0,586.121.265,0,0,0,0,0,0,0,0,0,0,0,0,0,0,0,0,0,2000,0,0,0,1.066.533.465,0,586.121.265,5.262.615,10664.53,0,0,7.098.853.309,22.668,28.837.042,407.357.779,0,0,7736.7,0,0,0,0,0,0,0,4.194.865.725,0,0,0,0,463,530,0,0,48,1070,0,0,0,1509,474,0,0,0,13879,0,0,0,0,92887,3631,3711,9327,16027,37467,0,33,1258,20,26356,3432,137531,30529,100,0,0,0,0,0,0,0,0,0,0,0,195,0,0,0,0,0,3,0,0,29,0,0,8,5,0,0,0,3,1,0,0,0,0,2,0,0,46,0,0,0,0,0,0
2011,TOLIMA,0,498,21802,12,0,142,0,0,0,0,0,0,0,0,0,0,0,0,486,0,76297,0,2251,2318,72137,12600,3673,0,0,0,0,0,0,0,0,0,0,0,0,305.779.775,8.956.951.194,0,258.587.416,186.070.783,203.239,1.468.076,0,0,0,0,0,0,0,0,413.713.182,0,0,216,2.722.837.565,0,0,0,0,344.656.402,0,0,238.210.281,0,0,0,0,0,1.049.568.456,0,0,0,153.051.524,0,3.935.417.429,7.930.335,41.528.275,2292.35,0,751.089.909,0,0,0,0,0,0,0,0,0,0,0,0,0,668.994.807,0,0,0,0,600,305,0,0,225,4936,0,0,0,383,600,986,0,0,26651,0,0,68,0,273009,7435,7844,8159,24204,129781,7566,0,1082,0,22927,6165,145665,3802,0,0,0,0,0,0,0,0,0,0,0,0,443,0,0,0,0,18,4,0,0,22,0,0,5,22,0,0,0,2,1,34,0,0,0,62,86,0,86,0,0,0,0,0,0
2011,ARCHIPIÉLAGO DE SAN ANDRÉS  PROVIDENCIA Y SANTA CATALINA,0,0,16,0,0,0,0,0,0,0,0,0,747,0,0,0,0,379,0,0,1687,0,1,6,1491,3,0,0,0,0,0,0,0,0,0,0,0,0,0,34.234,0,0,60.337.064,11.459,0,0,0,0,0,0,0,0,0,864.756,81.518.383,0,0,0,0,0,0,0,0,0,0,0,0,0,0,0,0,0,474.502.671,0,0,210,0,0,81.518.383,1.765,739.405,0,0,0,0,0,0,0,0,0,0,0,0,0,0,0,0,1.391.762.118,0,0,0,0,140,168,0,0,0,0,0,0,0,0,0,0,0,0,0,0,0,0,0,5649,168,6,15,6,2293,0,0,0,0,1042,1815,8707,299,0,0,0,0,0,0,0,0,0,0,0,0,8,0,0,0,0,3,1,0,0,4,0,0,0,0,0,0,0,0,0,0,0,0,0,1,0,0,4,0,0,0,0,0,0
2012,VICHADA,0,0,943,0,0,0,0,0,0,0,0,0,0,0,0,0,0,0,0,0,1663,0,76,53,1340,349,0,0,0,7,0,0,0,0,0,0,0,0,250,0,0,0,612.465,7.765.265,0,0,0,0,0,0,0,0,0,0,7.643.051,0,0,0,0,0,0,0,0,0,0,0,0,0,0,0,0,0,0,0,0,0,0,0,7.643.051,208.46,701.05,0,0,239.634.762,0,11.334,22.668,0,0,637.5,0,0,0,0,0,0,0,168.468.701,0,0,0,0,141,86,0,0,0,291,0,0,0,0,0,0,0,0,0,0,0,0,0,6876,377,238,176,671,2361,0,1,42,0,773,250,12956,185,4,0,0,0,0,0,0,0,0,0,0,0,14,0,0,0,0,0,1,0,0,4,0,0,0,1,0,0,0,0,0,0,0,0,0,0,0,0,5,0,0,0,0,0,0
2010,CALDAS,0,346,2093,1,0,2,0,0,0,0,0,0,631,0,0,0,0,162,0,0,26101,0,133,479,28463,4940,6060,0,0,0,0,0,0,0,0,0,0,0,0,679.027.701,692.759.254,0,189.981.692,19.444.395,3.32,2.06,0,0,0,0,0,0,0,510,171.118.889,0,192.853.065,0,30.438.595,0,135.884.429,0,0,0,0,0,0,0,0,0,0,0,1.266.350.915,0,162,110,0,0,530.294.977,3.292.205,17.268.065,3.725.365,0,411.087.214,0,0,0,0,0,0,0,0,0,0,0,0,0,3.851.044.852,0,0,0,0,510,249,0,53,0,55,0,281,0,187,0,0,0,0,0,0,3600,16,0,0,825,477,1726,9127,49736,10994,0,432,0,24454,4915,120113,6888,0,0,0,0,0,0,0,0,0,0,0,0,191,0,0,0,0,62,4,0,0,12,0,5,0,3,0,39,0,2,0,0,0,0,37,53,21,1,61,0,0,0,0,0,0
2012,RISARALDA,0,0,10525,0,0,0,0,1690,0,0,0,183,0,0,0,0,0,0,2850,0,25337,0,157,1055,24257,5186,604,2078,0,407,0,0,0,0,0,0,0,0,0,0,0,0,1.541.568,90.214.327,0,0,0,0,248.242.102,0,0,0,212.8,0,16.192.411,0,0,27,0,0,0,0,0,0,0,0,0,0,0,0,962.993.585,0,3592,0,0,0,620.456.574,0,18.892.411,2.956.585,11575.93,353.725,0,1.652.559.643,45.336,184.206,800.619.404,0,0,0,0,0,0,0,0,0,0,2.309.999.209,0,0,0,0,269,359,0,0,99,557,0,0,0,129,287,0,0,4068,0,379,0,0,0,86069,5499,575,3436,9027,37900,1128,16,3071,4,13615,2290,72454,11322,143,0,0,0,0,0,0,0,0,0,0,0,186,0,0,0,0,0,2,0,0,11,0,0,5,3,0,0,0,1,2,0,0,4,0,3,0,0,26,0,0,0,0,0,0
2012,NACIONAL,0,0,0,0,0,0,0,0,0,0,0,0,0,0,0,0,0,0,0,0,0,0,174,24,0,0,0,0,0,0,0,0,0,0,0,0,0,0,0,0,0,0,0,0,0,0,0,0,0,0,0,0,0,0,0,0,0,0,0,0,0,0,0,0,0,0,0,0,0,0,0,0,3.688.630.351,0,0,0,0,0,0,0,0,0,0,0,0,0,0,0,0,0,0,0,0,0,0,0,0,3.688.630.351,0,0,0,0,0,0,0,0,0,0,0,0,0,0,0,0,0,0,0,0,0,0,0,0,0,594,0,0,0,0,0,0,0,0,0,0,0,0,0,0,0,0,0,0,0,0,0,0,0,0,0,0,0,0,0,0,0,0,0,0,0,0,0,0,0,0,0,0,0,0,0,0,18,0,0,0,0,0,0,0,0,0
2013,BOGOTÁ  D.C.,0,0,27372,0,0,0,0,0,0,0,0,0,0,0,0,0,0,0,0,0,18399,82466,0,15,0,0,2,0,0,539,2706,70373,19035,0,0,0,82466,109091,0,62.869.705,0,0,522.236.625,249.810.701,0,0,0,0,0,0,0,0,0,0,0,0,0,0,0,0,0,0,0,0,0,0,0,0,0,0,0,0,0,0,0,0,0,0,0,0,0,0.09,0,7.286.416.867,42.444,0,720.701.478,0,0,0,26.363.425,1008.09,8960.33,0,0,0,5755,4.267.204.133,0,0,0,0,789,0,0,0,0,0,0,0,0,0,0,0,0,0,0,0,0,0,0,85138,0,0,40,0,0,0,0,1381,36,105635,0,136147,50296,122,0,37865,644,102,43,28750,107556,3904,0,9796,14876,154,0,6530,8119,580,9,7,0,0,0,0,0,0,0,0,0,0,0,0,0,0,0,0,0,0,0,0,0,0,1,2,5,0
2013,PUTUMAYO,0,0,9892,0,0,0,0,0,0,0,0,0,6,0,0,0,0,0,420,0,20379,26341,2,2,0,0,3019,227,0,673,6116,12651,14023,0,3450,0,26341,38855,0,0,0,0,695.504.772,73.594.215,0,0,0,0,0,0,0,0,0,1.632,0,0,0,0,0,0,0,0,0,0,0,0,0,0,0,0,0,0,0,0,0,0,256.765.417,0,0,0,0,240.81,0,4.242.954.616,55.413,0,705.084.444,0,0,0,5627.79,2636.18,6.603.125,0,1681.07,0,0,1.774.124.519,0,0,0,0,1326,0,0,0,0,0,0,0,0,0,0,0,0,0,1597,0,0,0,0,81375,0,4,4,0,0,6098,0,722,47,8167,0,57247,4486,126,0,1181,1239,48,39,26047,22032,10714,0,67,250,159,6672,0,0,0,0,9,0,0,0,0,0,0,0,0,0,0,0,0,0,0,0,0,0,0,0,0,0,0,2,1,8,0
2010,ARAUCA,0,328,3920,18,0,97,0,0,0,0,0,0,0,0,0,0,0,0,330,0,13595,0,1318,1190,19659,5765,0,0,0,0,0,0,0,0,0,0,0,0,0,144.311.958,6.362.275.778,0,27.814.568,34.347.105,261.010.171,989.028,0,0,0,0,0,0,0,0,244.523.505,0,71.185,0,0,0,279.608.346,389.62,0,0,0,0,0,2.372.409,0,0,0,0,0,0,0,0,92.912.969,0,984.936.851,4.258.135,13202.86,0,0,214.680.222,0,0,0,0,0,0,0,0,0,0,0,0,0,1.898.502.655,0,0,0,0,750,353,0,20,0,0,0,154,245,0,0,0,0,0,15997,0,0,42,0,0,772,4352,4234,11455,36178,0,0,260,0,4010,1095,36138,635,0,0,0,0,0,0,0,0,0,0,0,0,88,0,0,0,0,14,5,0,0,10,0,5,0,0,0,25,1,0,0,0,0,0,0,0,52,0,41,0,0,0,0,0,0
2012,SANTANDER,0,0,24851,0,0,0,0,3927,0,0,0,229,0,0,0,0,0,0,180,0,51625,0,199,1901,67299,13893,0,4316,0,1980,0,0,0,0,0,0,0,0,0,0,0,0,4.289.667,218.186.442,0,0,0,0,6.867.205.596,0,0,0,268.8,0,258.409.324,0,0,330.7,0,0,0,0,0,0,0,0,0,0,0,0,1.118.279.094,0,1.832.228.704,0,0,0,41.170.267,0,589.109.324,8.400.805,34675.48,0,0,5.107.678.987,158.676,1.476.436.592,1.932.439.406,0,0,0,0,0,0,0,0,0,0,7.071.210.302,0,0,0,0,657,289,0,0,819,8417,0,0,0,423,1471,0,0,5626,0,517,0,0,0,177359,17045,669,6417,24685,111516,0,138,9420,14,47513,6145,146370,17009,308,0,0,0,0,0,0,0,0,0,0,0,406,0,0,0,0,0,5,0,0,11,0,0,15,28,0,0,0,1,6,0,0,4,0,21,0,0,65,0,0,0,0,0,0
2012,GUAINÍA,0,0,1081,0,0,0,0,0,0,0,0,0,409,0,0,0,0,0,0,0,568,0,29,114,310,584,0,0,0,5,0,0,0,0,0,0,0,0,387,0,0,0,612.465,9.226.035,0,0,0,0,0,0,0,0,0,494.904,28.450.875,0,0,0,0,0,0,0,0,0,0,0,0,0,0,0,0,0,550,0,0,0,0,0,28.450.875,424.795,143.47,0,0,0,0,0,0,0,0,974.1,0,0,0,0,0,0,0,2.182.062.375,0,0,0,0,142,19,0,0,0,100,0,0,0,0,0,0,0,0,0,0,0,0,0,2698,119,132,437,1357,537,0,0,0,0,456,330,5677,100,0,0,0,0,0,0,0,0,0,0,0,0,4,0,0,0,0,0,1,0,0,2,0,0,0,1,0,0,0,0,0,0,0,0,0,2,0,0,3,0,0,0,0,0,0
2013,TOLIMA,0,0,10929,0,0,0,0,0,0,0,0,0,0,0,0,0,0,0,0,0,68225,101393,0,11,0,0,2867,0,0,1567,28763,55181,16302,0,5827,0,101393,114198,0,0,0,0,260.611.977,84.513.874,0,0,0,0,0,0,0,0,0,0,0,0,0,0,0,0,0,0,0,0,0,0,0,0,0,0,0,0,0,0,0,0,0,0,0,0,0,167.555,0,2.832.950.516,1.031.625,0,511.954.812,0,0,0,21762.53,11398.72,7450.72,0,2659.45,0,975.8,4.467.538.698,0,0,0,0,502,0,0,0,0,0,0,0,0,0,0,0,0,0,0,0,0,0,0,259023,0,0,34,0,0,6150,0,475,89,16396,0,146165,24814,88,0,6900,502,0,0,30341,97855,52252,0,1474,1770,505,11076,1138,1414,162,0,4,0,0,0,0,0,0,0,0,0,0,0,0,0,0,0,0,0,0,0,0,0,0,0,0,4,0
2013,BOYACÁ,0,0,904,0,0,0,0,0,0,0,0,0,0,0,0,0,0,0,1920,0,53387,55632,0,1,0,0,0,0,0,1929,23484,45693,2287,0,0,0,55632,73947,0,0,0,0,57.638.938,6.864.025,0,0,0,0,0,0,0,0,0,0,0,0,0,0,0,0,0,0,0,0,0,0,0,0,0,0,0,0,0,0,0,0,916.314.605,0,0,0,0,0,0,1.260.056.565,9.432,0,84.496.572,0,0,0,19838.92,9639.82,1158.14,0,0,0,298,3.190.883.354,0,0,0,0,145,0,0,0,0,0,0,0,0,0,0,0,0,0,297,0,0,0,0,192918,0,0,2,0,0,0,0,203,8,35526,0,132074,9023,15,0,2947,145,0,0,4606,87541,44164,0,803,1244,442,0,370,406,137,0,1,0,0,0,0,0,0,0,0,0,0,0,0,0,0,0,0,0,0,0,0,0,0,0,0,1,0
2013,ARCHIPIÉLAGO DE SAN ANDRÉS  PROVIDENCIA Y SANTA CATALINA,0,0,12,0,0,0,0,0,0,0,0,0,2,0,0,0,0,0,0,0,1675,984,0,0,0,0,0,0,0,24,855,1588,12,0,0,0,984,2695,0,0,0,0,115.277.875,5.835,0,0,0,0,0,0,0,0,0,0.816,0,0,0,0,0,0,0,0,0,0,0,0,0,0,0,0,87.9,0,0,0,0,0,0,0,0,0,0,0,0,0,0,0,0,0,0,0,561.63,292.54,5.3,0,0,0,80.2,1.142.847.875,0,0,0,0,230,0,0,0,0,0,0,0,0,0,0,0,0,0,0,53,0,0,0,5623,0,0,0,0,0,0,0,0,0,549,0,8707,1051,0,0,539,230,0,0,17,2571,1421,0,121,250,12,0,86,107,25,0,2,0,0,0,0,0,0,0,0,0,0,0,0,0,0,0,0,0,0,0,0,0,0,0,0,2,0
2013,ATLÁNTICO,0,0,9909,0,0,0,0,0,0,0,0,0,0,0,0,0,0,0,1710,0,62378,101228,0,74,0,0,0,0,0,732,36357,65471,11074,0,714,0,101228,125468,0,0,0,0,202.973.039,830.182.825,0,0,0,0,0,0,0,0,0,0,0,0,0,0,0,0,0,0,0,0,0,0,0,0,0,0,425.1,0,0,0,0,0,926.170.899,0,0,0,0,0,0,3.054.004.913,4.716,0,282.073.392,0,0,0,25.186.315,14328.58,5170.85,0,312.64,0,1798.6,4.835.122.894,0,0,0,0,329,0,0,0,0,0,0,0,0,0,0,0,0,0,0,388,0,0,0,264609,0,0,182,0,0,0,0,588,4,73034,0,141513,32956,46,0,22576,329,0,0,20160,120846,64285,0,4339,4972,420,1219,2187,3274,150,0,3,0,0,0,0,0,0,0,0,0,0,0,0,0,0,0,0,0,0,0,0,0,0,0,0,3,0
2013,MAGDALENA,0,0,16836,0,0,0,0,0,0,0,0,0,958,0,0,0,0,0,1290,0,45843,109289,1,83,0,0,0,0,0,0,27062,74862,29008,0,91,0,109289,139688,0,88.564.449,0,0,270.504.357,1.349.554.805,0,0,0,0,0,0,0,0,0,320.892,0,0,0,0,0,0,0,0,0,0,0,0,0,0,0,0,0,0,0,0,0,0,657.773.499,0,0,0,0,0,0,4.342.825.078,8.253,0,452.014.452,0,0,0,34.328.055,12.701.145,13.814.145,0,47.49,0,502.2,6.240.987.731,0,0,0,0,557,0,0,0,0,0,0,0,0,0,0,0,0,0,0,0,0,0,0,259658,0,4,258,0,0,0,0,777,7,58969,0,153584,25433,83,0,9485,557,0,0,57238,146553,53981,0,1080,1124,435,224,527,627,30,1,4,0,0,0,0,0,0,0,0,0,0,0,0,0,0,0,0,0,0,0,0,0,0,0,0,4,0
2010,AMAZONAS,0,1,306,0,0,0,0,0,0,0,0,0,1,0,0,0,0,0,560,0,1169,0,16,47,1759,154,2085,0,0,0,0,0,0,0,0,0,0,0,0,3.681.883,20.6,0,41.351.251,254.379,0,0,0,0,0,0,0,0,0,0.408,0,0,355.925,0,0,0,0,0,0,0,0,0,0,0,0,0,0,0,0,0,0,0,76.893.267,0,355.925,121.715,1.258.995,1.648.965,0,20.6,0,0,0,0,0,0,0,0,0,0,0,0,0,3.155.160.651,0,0,0,0,120,0,0,1,0,0,0,0,0,0,0,0,0,0,0,0,0,1,0,0,1,58,162,297,3788,5321,0,2,0,1608,495,8396,120,0,0,0,0,0,0,0,0,0,0,0,0,6,0,0,0,0,2,1,0,0,0,0,1,0,0,0,0,0,0,0,0,0,0,0,0,1,0,1,0,0,0,0,0,0
2010,CASANARE,0,197,1487,4,0,0,0,0,0,0,0,0,0,0,0,0,0,0,0,0,23950,0,117,459,29104,3339,0,0,0,0,0,0,0,0,0,0,0,0,0,19.212.375,38.798.555,0,70.999.318,13.726.085,75.256,0,0,0,0,0,0,0,0,0,0,0,146.325.627,0,0,0,9.930.016,303.94,0,0,0,0,0,0,0,0,0,0,0,0,0,0,0,0,549.565.787,2.451.625,18969.63,0,0,273.573.768,0,0,0,0,0,0,0,0,0,0,0,0,0,2.206.103.248,0,0,0,0,180,0,0,41,0,0,0,38,190,0,0,0,0,0,0,0,0,16,0,0,269,408,1594,6697,63303,0,0,352,0,4246,401,33775,503,0,0,0,0,0,0,0,0,0,0,0,0,141,0,0,0,0,3,2,0,0,0,0,13,0,0,0,4,1,0,0,0,0,0,0,0,22,0,18,0,0,0,0,0,0
2012,CÓRDOBA,0,0,37132,0,0,0,0,2235,0,0,0,0,723,0,0,0,0,0,2430,0,122930,0,631,5269,131838,16145,3245,3697,0,1637,0,0,0,0,0,0,0,0,0,230.079.918,0,0,4.012.239,320.790.395,0,0,0,0,4.179.871.647,0,0,0,0,838.848,464.879.741,0,0,0,0,0,0,0,0,0,0,0,0,0,0,0,0,0,1.762.559.728,0,0,0,72.370.331,0,464.879.741,9.850.205,71.355.885,2121.88,0,2.062.452.678,45.336,2.795.466.652,1.032.310.606,0,0,0,0,0,0,0,0,0,0,2.655.837.014,0,0,0,0,724,652,0,0,58,3685,0,0,0,0,496,0,0,0,47018,0,0,0,0,449369,4891,2199,17235,30908,237406,7343,292,4209,4,80707,8349,186741,27839,210,0,0,0,0,0,0,0,0,0,0,0,781,0,0,0,0,3,5,0,0,27,0,0,8,13,0,0,0,0,1,0,0,0,0,32,0,0,49,0,0,0,0,0,0
2010,LA GUAJIRA,0,134,7745,11,0,3,0,0,0,0,0,0,1,0,0,0,0,0,4593,0,21051,0,496,2162,29345,6961,11945,0,0,0,0,0,0,0,0,0,0,0,0,893.639.769,244.304.876,0,299.211.411,7.726.504,154.355.666,29.814,0,0,0,0,0,0,0,2.04,69.605.477,0,1.067.775,0,592.910.111,0,650.650.675,1139.1,0,0,0,0,0,53.682.507,0,0,0,0,0,0,0,0,522,0,2.462.944.013,5069.34,20308.88,9.992.515,0,7.293.018,0,0,0,0,1.836.552.012,0,0,0,0,0,0,0,0,4.143.876.471,0,0,0,0,780,90,0,3,0,1212,0,0,712,152,0,0,0,0,29021,0,0,35,0,0,2169,1937,8715,14280,60114,31063,0,84,0,15408,1545,93387,3360,0,0,0,0,0,0,0,0,0,0,0,0,128,0,0,0,0,76,5,0,0,5,0,3,0,3,0,2,7,4,0,0,0,0,0,0,42,0,24,0,0,0,0,0,0
2011,META,0,1395,24805,3,0,8,0,0,0,0,0,0,0,0,0,0,0,0,305,0,32086,0,1184,2999,31064,14142,0,0,300,0,0,0,0,0,0,0,0,0,0,248.874.331,2.621.434.897,0,25.643.252,207.688.359,442.988,82.812,0,0,0,0,0,0,0,0,188.146.808,0,0,125.8,50.659.976,0,0,0,0,32.214.611,0,0,10.388.481,0,0,0,0,0,1.127.777.778,0,0,0,64.272,0,697.141.375,9040.59,17.601.235,0,0,2.717.204.475,0,0,0,1.035.066.666,0,0,0,0,0,0,0,0,0,4.953.698.967,0,0,0,0,595,121,0,0,126,84,0,0,0,282,600,43,0,0,23682,0,0,186,0,116898,1256,3719,9486,26571,54516,0,0,4314,0,15360,1965,72572,2739,0,460,0,0,0,0,0,0,0,0,0,0,184,0,0,0,0,8,6,0,0,9,0,0,2,5,0,0,0,1,3,7,0,0,0,4,216,0,27,0,0,0,0,0,0
2012,CAUCA,0,0,26441,0,0,0,0,2542,0,0,0,0,3013,0,0,0,0,0,5190,0,71157,0,3537,3831,65080,12709,25180,2937,0,348,0,0,0,0,0,0,0,0,1234,333.213.842,0,0,1.858.206,2.182.197.105,0,0,0,0,475.345.403,0,0,0,0,2.546.328,664.813.841,0,0,0,0,0,0,0,0,0,0,0,0,0,0,0,0,0,286.304.481,0,0,0,1.235.890.313,0,664.813.841,7.232.915,30999.83,15648.09,0,4.167.731.435,55.032.237,5.440.727.066,3.095.401.003,238.561.848,0,3146.7,0,0,0,0,0,0,0,9.306.973.757,0,0,0,0,295,1108,0,0,51,4675,0,0,0,601,732,0,0,0,27442,0,0,0,0,244347,7167,11349,12014,21604,108256,48061,511,7236,5102,45916,7365,185652,25851,470,300,0,0,0,0,0,0,0,0,0,0,482,0,0,0,0,4,2,0,0,34,0,0,10,19,0,0,0,5,2,0,0,0,0,177,0,0,70,0,0,0,0,0,0
2010,VALLE DEL CAUCA,0,814,18001,28,0,247,0,0,0,0,0,0,0,0,0,0,0,510,2170,77,68162,0,2140,5006,126341,16569,0,0,0,0,0,0,0,0,0,0,0,0,0,991.755.146,157.831.226,0,477.880.026,17.927.426,452.926.934,2.497.922,0,0,0,0,0,0,0,0,609.414.929,0,246.932.217,0,851.969.831,0,18.292.135,1112.99,0,0,0,0,0,53.589.941,0,0,0,0,178.250.297,0,0,352.677.742,759.997.392,0,2.839.599.112,11357.07,76139.2,0,0,1.051.944.974,0,0,0,0,0,0,0,0,0,0,0,0,0,1.193.699.176,0,0,0,0,1370,853,0,68,0,1642,0,2399,700,784,0,0,0,0,44496,0,6800,1279,320,0,6446,8070,18436,30631,209209,0,0,1139,0,83530,9180,363699,15790,0,0,0,0,0,0,0,0,0,0,0,0,436,0,0,0,0,280,11,0,0,29,0,8,0,13,0,9,7,13,0,0,0,0,47,74,1561,0,79,0,0,0,0,0,0
2011,NORTE DE SANTANDER,0,813,19843,6,0,220,0,0,0,0,0,0,0,0,0,0,0,1720,431,0,43186,0,1002,3052,67470,10590,0,0,0,0,0,0,0,0,0,0,0,0,0,2.466.379.176,1.489.485.518,0,517.174.831,180.626.023,806.396,2.339.024,0,0,0,0,0,0,0,0,135.577.352,0,0,299.4,1.256.090.138,0,0,0,0,0,0,0,43.003.477,0,0,0,0,0,1.289.636.765,0,0,266.428.147,135.730.878,0,1.734.070.968,6.635.745,38.181.265,0,0,125.393.491,0,0,0,1.758.932.994,0,0,0,0,0,0,0,0,0,643.256.665,0,0,0,0,1200,108,0,0,335,2259,0,0,0,0,0,178,0,0,20189,0,0,47,0,167169,2880,3396,11354,20397,120461,0,0,1413,0,42411,4725,142089,5458,0,400,0,0,0,0,0,0,0,0,0,0,239,0,0,0,0,157,8,0,0,10,0,0,2,16,0,0,0,0,0,17,0,0,0,14,59,0,45,0,0,0,0,0,0
2013,CESAR,0,0,20676,0,0,0,0,0,0,0,0,0,0,0,0,0,0,0,2650,0,54752,79002,0,9,0,0,1032,0,0,1218,23053,46452,25563,0,71,0,79002,103575,0,0,0,0,202.973.039,1.745.542.785,0,0,0,0,0,0,0,0,0,0,0,0,0,0,0,0,0,0,0,0,0,0,0,0,0,0,0,0,0,0,0,0,1.749.122.408,0,0,0,0,69.215,0,5.881.689.447,31.833,0,693.551.466,0,0,0,21.121.485,10.286.605,12.411.005,0,42.48,0,552.2,4.643.508.545,0,0,0,0,423,0,0,0,0,0,0,0,0,0,0,0,0,0,0,0,0,0,0,236756,0,0,32,0,0,2240,0,1108,27,41622,0,143141,21185,115,0,7579,423,0,0,49013,87708,43682,0,1585,1839,390,183,668,780,0,0,3,0,0,0,0,0,0,0,0,0,0,0,0,0,0,0,0,0,0,0,0,0,0,0,0,3,0
2010,CHOCÓ,0,145,9810,3,0,3,0,0,0,0,0,0,27,0,32,0,0,987,1350,412,22338,0,1405,3345,24483,7570,0,0,0,0,0,0,0,0,0,32,0,0,0,2.442.610.203,27.707.388,0,434.578.244,89.960.005,47.566,29.814,0,0,0,0,0,0,0,17.448,45.160.469,0,35.045.497,0,4.980.861,0,1.284.569.598,476.84,0,0,0,0,0,47.703.295,0,3.789.576,0,0,3.244.519.693,0,27.492.571,397.794.698,382.059.341,0,2.253.040.646,5473.4,16433.19,0,0,92.842.668,0,0,0,0,0,0,0,0,0,0,0,3.789.576,0,3.111.755.159,0,0,0,0,1100,582,0,10,0,9,0,1,300,1325,0,0,0,0,34319,0,330,25,1257,0,2227,4835,11143,15616,49346,0,0,129,0,26618,2370,137531,4836,0,0,0,0,0,0,0,0,0,0,0,0,135,0,0,0,0,55,7,0,0,30,0,3,0,1,0,28,1,1,0,0,0,0,4,13,33,1,64,0,0,0,0,0,0
2012,CAQUETÁ,0,0,28967,0,0,0,0,1366,0,0,0,807,0,0,0,0,0,0,330,0,24709,0,2014,2581,22260,15629,0,2863,0,702,0,0,0,0,0,0,0,0,0,0,0,0,54.360.678,2.437.153.405,0,0,0,0,2.367.212.995,0,0,0,618,0,314.971.857,0,0,0,0,0,0,0,0,0,0,0,0,0,0,0,448.354.322,0,269.157.695,0,0,0,133.854.249,0,314.971.857,9.850.325,11.449.175,0,0,2.754.086.338,391.023,1.270.718.804,1.856.164.622,0,0,0,0,0,0,0,0,0,0,2.841.707.715,0,0,0,0,834,495,0,0,3,2193,0,0,0,0,723,0,0,0,10425,272,0,0,0,89740,3414,6849,8783,28154,37537,0,109,4916,345,7298,2469,68853,9237,338,0,0,0,0,0,0,0,0,0,0,0,218,0,0,0,0,0,6,0,0,17,0,0,3,8,0,0,0,0,1,0,0,0,0,5,0,0,29,0,0,0,0,0,0
2013,VAUPÉS,0,0,189,0,0,0,0,0,0,0,0,0,0,0,0,0,0,0,0,0,428,766,0,0,0,0,0,700,0,3,161,436,226,0,0,0,766,848,0,0,0,0,57.638.938,172.967,0,0,0,0,0,0,0,0,0,0,0,0,0,0,0,0,0,0,0,0,0,0,0,0,0,0,0,0,0,0,0,0,0,0,0,0,0,0,0,1.964.214,1.179,0,0,0,0,0,209.78,74.9,112.835,0,0,0,0,455.153.938,0,0,0,0,135,0,0,0,0,0,0,0,0,0,0,0,0,0,0,0,0,0,0,1823,0,0,0,0,0,0,0,1,1,532,400,5485,610,0,0,0,135,0,0,533,916,320,0,0,0,5,0,0,0,0,0,1,0,0,0,0,0,0,0,0,0,0,0,0,0,0,0,0,0,0,0,0,0,0,0,0,1,0
2010,HUILA,0,740,13240,5,220,291,0,0,0,0,0,0,3760,0,0,0,0,78,270,0,61453,0,1534,1974,81199,11830,47,0,0,0,0,0,0,0,0,0,0,0,0,411.303.599,35.033.596,376.100.928,408.831.239,12.252.094,4.393.025,2.326.043,0,0,0,0,0,0,0,8.846.256,452.253.279,0,314.151.452,0,929.005.932,0,271.768.857,677.42,0,0,0,0,0,27.090.567,0,0,0,0,2.334.975.195,0,0,27,62.233.169,0,2.644.599.519,8.505.985,54.496.685,31.785,0,2.213.985,0,0,0,0,0,0,0,0,0,0,0,0,0,7.268.449.757,0,0,0,0,1080,501,0,87,0,1699,0,104,426,3382,0,0,0,0,18526,0,0,42,0,0,6199,5536,6973,23226,174382,89,0,267,0,40140,3330,107520,4292,0,0,0,0,0,0,0,0,0,0,0,0,342,0,0,0,0,22,6,1,0,28,0,13,0,7,0,27,4,2,0,0,0,0,0,8,46,0,81,0,0,0,0,0,0
2013,SUCRE,0,0,19038,0,0,0,0,0,0,0,0,0,0,0,0,0,0,0,240,0,75671,63884,0,39,0,0,0,0,0,1899,32601,36863,23370,0,2020,0,63884,101740,0,0,0,0,349.955.043,154.481.879,0,0,0,0,0,0,0,0,0,0,0,0,0,0,0,0,0,0,0,0,0,0,0,0,0,0,423,0,0,0,0,0,259.834.596,0,0,0,0,0,0,2.891.834.922,10.611,0,119.725.092,0,0,0,17113.62,14381.53,11077.68,0,930.25,0,493.8,4.502.966.964,0,0,0,0,554,0,0,0,0,0,0,0,0,0,0,0,0,0,0,283,0,0,0,324114,0,0,160,0,0,0,0,590,9,46542,0,123941,9506,28,0,7359,505,49,0,44197,70802,61351,0,629,651,540,3782,461,601,87,0,5,0,0,0,0,0,0,0,0,0,0,0,0,0,0,0,0,0,0,0,0,0,0,0,1,4,0
2011,BOGOTÁ  D.C.,0,99,74782,0,0,152,0,0,0,0,0,0,0,0,0,0,0,0,1500,0,20636,0,59,8619,91621,19643,0,0,0,0,0,0,0,0,0,0,0,0,0,6.245.701.638,1.713.033.381,0,537.413.182,717.405.708,0,1.598.606,0,0,0,0,0,0,0,0,165.298.183,0,0,137,368.869.796,799.214.384,0,0,0,0,0,0,1.691.148,0,0,0,0,0,0,0,0,0,4.085.289,0,1.472.073.511,12270.19,48020.27,0,0,3.881.363.411,0,0,0,0,0,0,0,0,0,0,0,0,0,125.165.492,0,0,0,0,1030,175,0,0,137,695,498,0,0,0,0,7,0,0,34009,0,600,2,0,76986,1512,202,33409,35552,156549,0,0,2755,0,111125,4110,198354,18998,0,0,0,0,0,0,0,0,0,0,0,0,171,0,0,0,0,1450,8,0,0,7,0,0,3,1,1,0,0,0,0,1,0,0,6,0,3,0,13,0,0,0,0,0,0
2012,GUAVIARE,0,0,5724,0,0,0,0,0,0,0,0,0,243,0,0,0,0,0,300,0,5079,0,433,522,4286,2552,0,770,0,274,0,0,0,0,0,0,0,0,0,0,0,0,1.858.206,43.446.258,0,0,0,0,0,0,0,0,0,274.584,116.649.941,0,0,0,0,0,0,0,0,0,0,0,0,0,0,0,0,0,4700,0,0,0,121.685.681,0,116.649.941,1.549.308,2180.52,0,0,5.875.946.873,124.674,362.684.438,537.569.303,4833.9,0,0,0,0,0,0,0,0,0,1.368.788.422,0,0,0,0,306,138,0,0,0,466,0,0,0,0,0,0,0,0,3399,0,0,0,0,18102,604,1322,1543,4705,7286,0,38,943,11,480,990,16520,1837,96,0,0,0,0,0,0,0,0,0,0,0,43,0,0,0,0,0,2,0,0,6,0,0,0,1,0,0,0,0,0,0,0,0,0,2,0,0,7,0,0,0,0,0,0
2012,ARAUCA,0,0,11223,0,0,0,0,0,0,0,0,0,0,0,0,0,0,0,0,0,14383,0,526,937,14886,5439,0,2538,0,41,0,0,0,0,0,0,0,0,0,0,0,0,2.154.033,89.347.141,0,0,0,0,0,0,0,0,0,0,150.487.409,0,0,0,0,0,0,0,0,0,0,0,0,0,0,0,0,0,0,0,0,0,0,0,150.487.409,3.255.235,7577.47,0,0,1.618.286.733,1.144.734,1.002.298.866,928.801.366,0,0,0,0,0,0,0,0,0,0,1.119.859.571,0,0,0,0,436,234,0,0,59,0,0,0,0,0,0,0,0,0,3707,0,0,0,0,53740,293,1587,3056,9869,24813,0,100,2913,101,2489,1615,36031,6553,175,0,0,0,0,0,0,0,0,0,0,0,108,0,0,0,0,0,3,0,0,10,0,0,6,0,0,0,0,0,0,0,0,0,0,0,0,0,16,0,0,0,0,0,0
2010,NARIÑO,0,447,17685,43,0,540,0,0,0,0,0,0,18,0,0,0,0,2729,3226,205,56213,0,6350,5517,100755,14932,13018,0,1930,0,0,0,0,0,0,0,0,0,0,7.511.674.866,733.858.314,0,672.542.992,16.191.822,757.868.935,5.451.902,0,0,0,0,0,0,0,13.464,390.867.464,0,6.227.869,0,581.279.599,0,423.332.258,634.32,0,0,0,0,0,8.252.064,0,0,0,0,4780,0,0,1.529.004.941,1.162.630.775,0,2.652.586.221,10.267.525,62116.07,8.208.345,0,4.772.711,0,0,0,5.703.852,0,0,0,0,0,0,0,0,0,1.031.577.475,0,0,0,0,1640,954,0,171,0,1031,0,571,399,553,0,0,0,0,55662,0,0,42,820,0,3679,23570,21387,28207,200095,21451,0,460,0,82867,5985,267953,4253,0,0,0,0,0,0,0,0,0,0,0,0,394,0,0,0,0,405,11,0,0,23,0,21,0,5,0,78,2,3,0,0,0,0,0,12,56,0,132,0,0,0,0,0,0
2010,GUAINÍA,0,1,677,0,0,0,0,0,0,0,0,0,403,0,0,0,0,0,0,0,489,0,53,203,395,462,0,0,0,0,0,0,0,0,0,0,0,0,0,0,15.45,0,133.416.301,6.677.065,0,0,0,0,0,0,0,0,0,164.424,77.824.797,0,0,0,205.738.054,0,0,0,0,0,0,0,0,0,0,0,0,0,0,0,0,0,0,0,283.562.851,385.495,265.8,0,0,0,0,0,0,0,0,0,0,0,0,0,0,0,0,1.068.274.152,0,0,0,0,330,64,0,0,0,404,0,0,0,0,0,0,0,0,0,0,0,2,0,0,468,233,807,1160,743,0,0,0,0,441,270,5677,80,0,0,0,0,0,0,0,0,0,0,0,0,4,0,0,0,0,0,2,0,0,3,0,0,0,1,0,0,0,0,0,0,0,0,0,0,3,0,4,0,0,0,0,0,0
2010,CAQUETÁ,0,673,16538,12,0,65,0,0,0,0,0,0,4,0,14,0,0,0,270,0,25070,0,3373,3222,29812,14656,0,0,0,0,0,0,0,0,0,14,0,0,0,1.011.239.626,13.164.274,0,515.330.216,156.985.955,202.549.915,653.966,0,0,0,0,0,0,0,3.024,152.025.473,0,159.679.284,0,662.467.442,0,847.702.679,559.64,0,0,0,0,0,28.903.205,0,16.579.395,0,0,1525,0,0,0,80.431.556,0,2.381.514.878,10.815.701,20.411.577,0,0,592.038.082,0,0,0,0,0,0,0,0,0,0,0,16.579.395,0,3.693.549.143,0,0,0,0,1290,257,0,44,0,1209,0,22,350,252,0,0,0,0,25608,0,7000,60,0,0,2134,11565,11843,28402,55896,0,0,647,0,10782,1200,68853,1674,0,0,0,0,0,0,0,0,0,0,0,0,185,0,0,0,0,12,8,0,0,13,0,7,0,5,0,18,2,3,0,0,0,0,55,7,69,0,48,0,0,0,0,0,0
2012,HUILA,0,0,30316,0,0,0,0,3217,0,0,0,0,3405,0,0,0,0,0,780,0,57210,0,918,2610,66137,12600,40,9279,0,1916,0,0,0,0,0,0,0,0,0,0,0,0,3.399.774,254.974.091,0,0,0,0,5.664.038.611,0,0,0,0,2794.8,358.104.602,0,0,0,0,0,0,0,0,0,0,0,0,0,0,0,33.514.858,0,8.885.566.843,0,0,0,25.816.261,0,358.104.602,7762.29,35838,22.32,0,1.656.852.628,4.771.614,801.464.201,958.957.302,0,0,0,0,0,0,0,0,0,0,5.916.197.492,0,0,0,0,614,484,0,0,8,6942,0,0,0,0,587,0,0,0,6342,28,0,0,0,212134,8021,3136,8479,23014,115451,77,95,3171,421,38808,4770,108552,15040,189,0,0,0,0,0,0,0,0,0,0,0,409,0,0,0,0,0,4,0,0,19,0,0,5,24,0,0,0,0,1,0,0,0,0,25,0,0,49,0,0,0,0,0,0
2013,ARAUCA,0,0,4209,0,0,0,0,0,0,0,0,0,0,0,0,0,0,0,420,0,13014,21313,0,2,0,0,0,0,0,18,4776,13153,7540,0,46,0,21313,26949,0,0,0,0,197.837.307,307.840.025,0,0,0,0,0,0,0,0,0,0,0,0,0,0,0,0,0,0,0,0,0,0,0,0,0,0,0,0,0,0,0,0,240.103.484,0,0,0,0,0,0,2.371.588.044,51.876,0,677.790.594,0,0,0,5369.24,1.887.395,3573.89,0,26.42,0,356,1.165.088.579,0,0,0,0,470,0,0,0,0,0,0,0,0,0,0,0,0,0,7636,0,0,0,0,52767,0,0,7,0,0,0,0,402,44,3348,0,35657,6925,120,0,1541,470,0,0,14069,23405,8436,0,447,500,103,130,352,421,40,0,3,0,0,0,0,0,0,0,0,0,0,0,0,0,0,0,0,0,0,0,0,0,0,0,0,3,0
2011,BOYACÁ,0,127,1625,0,0,0,0,0,0,0,0,0,0,0,0,0,0,674,300,0,53244,0,92,387,63250,1997,0,0,0,0,0,0,0,0,0,0,0,0,0,21.408.836,2.196.692.701,0,60.337.064,13.322.225,0,0,0,0,0,0,0,0,0,0,63.958.461,0,0,0,3.602.897.538,0,0,0,0,0,0,0,65.471.593,0,0,0,0,0,1.841.400.015,0,0,200,94.476.249,0,3.732.327.589,1.296.535,37108.1,0,0,908.855.355,0,0,0,0,0,0,0,0,0,0,0,0,0,6.072.718.489,0,0,0,0,140,71,0,0,0,6369,0,0,0,0,0,271,0,0,0,0,0,3,0,185726,6711,324,1224,4003,117426,0,0,143,0,37306,5220,134310,4772,0,0,0,0,0,0,0,0,0,0,0,0,377,0,0,0,0,6,1,0,0,6,0,0,0,36,0,0,0,0,0,42,0,0,0,28,3,0,84,0,0,0,0,0,0
2010,PUTUMAYO,0,1043,9361,20,0,21,0,0,0,0,0,0,656,0,0,0,0,4010,390,0,20637,0,2003,1534,19254,11545,1222,0,0,0,0,0,0,0,0,0,0,0,0,1.330.100.585,1.892.715.831,0,784.503.453,77.900.715,375.790.668,208.714,0,0,0,0,0,0,0,447.348,330.384.303,0,125.690.385,0,516.660.639,0,38.394.783,491.31,0,0,0,0,0,23.958.918,0,0,0,0,760,0,0,891.300.654,114.708.301,0,1.847.993.157,8.185.402,12750.42,840.59,0,1.071.467.884,0,0,0,0,0,0,0,0,0,0,0,0,0,2.663.767.641,0,0,0,0,2090,589,0,35,0,916,0,110,309,0,0,0,0,0,22080,0,0,89,0,0,1959,6538,5146,22846,36528,2446,0,1141,0,7129,2310,49043,628,0,0,0,0,0,0,0,0,0,0,0,0,139,0,0,0,0,23,13,0,0,23,0,9,0,7,0,44,2,0,0,0,0,0,0,5,100,0,85,0,0,0,0,0,0
2010,BOGOTÁ  D.C.,0,548,45228,3,0,29,0,0,0,0,0,0,0,0,0,0,0,0,0,0,12784,0,74,5695,107257,20320,0,0,0,0,0,0,0,0,0,0,0,0,0,2.390.312.181,1.640.481,0,629.631.315,45.183.985,492.934,28.697,0,0,0,0,0,0,0,0,18.692.307,0,2.861.432.509,0,0,0,36.584.269,1276.5,0,0,0,0,0,15.571.041,0,0,0,0,0,0,0,0,0,0,4.193.209.085,16.434.045,66672.67,0,0,54.711.201,0,0,0,0,0,0,0,0,0,0,0,0,0,1.118.482.483,0,0,0,0,1770,9,0,784,0,0,0,14,798,0,0,0,0,0,29344,0,0,0,0,0,1605,278,18330,36388,299023,0,0,650,0,106753,6075,198704,18707,0,0,0,0,0,0,0,0,0,0,0,0,188,0,0,0,0,829,15,0,0,1,0,1,0,0,0,2,1,0,0,0,0,0,0,0,0,0,5,0,0,0,0,0,0
2010,TOLIMA,0,517,10947,10,0,57,0,0,0,0,0,0,0,0,0,0,0,0,900,249,73218,0,2431,2189,80082,12385,4010,0,0,0,0,0,0,0,0,0,0,0,0,1.925.834.145,912.768.078,0,210.657.317,101.309.565,182.692,574.976,0,0,0,0,0,0,0,0,223.688.781,0,954.857.021,0,572.618.878,0,428.558.581,398.4,0,0,0,0,0,31.821.008,0,0,0,0,6.380.052.641,0,0,0,280.000.002,0,2.578.123.261,8808.61,51.918.795,2770.32,0,380.214.082,0,0,0,0,0,0,0,0,0,0,0,0,0,7.490.421.337,0,0,0,0,600,474,0,262,0,1078,0,2360,249,4258,0,0,0,0,37550,0,700,51,715,0,8681,8605,7724,24303,163985,8633,0,451,0,21523,5520,145179,5201,0,0,0,0,0,0,0,0,0,0,0,0,437,0,0,0,0,33,5,0,0,23,0,21,0,17,0,55,1,8,0,0,0,0,5,10,75,0,125,0,0,0,0,0,0
2012,VALLE DEL CAUCA,0,0,55211,0,0,0,0,2789,0,0,0,0,0,0,0,0,0,0,4500,0,73389,0,1435,5081,97043,17594,0,10828,0,3291,0,0,0,0,0,0,0,0,1678,213.961.948,0,0,3.973.029,5.067.642.365,0,0,0,0,5.758.593.377,0,0,0,0,0,459.149.095,0,0,4.2,0,0,0,0,0,0,0,0,0,0,0,0,695.247.109,0,1.510.204.944,0,0,0,1.519.294.158,0,463.349.095,10.126.345,45622.38,0,0,5.433.348.681,2.340.471,4.632.526.254,4.015.586.817,0,0,4278.9,0,0,0,0,0,0,0,8.417.742.303,0,0,0,0,717,588,0,0,66,4116,0,0,0,354,1124,0,0,4560,29643,291,0,0,0,257343,10808,5839,17675,31174,149357,0,424,8716,207,76122,10095,362721,35580,667,0,0,0,0,0,0,0,0,0,0,0,510,0,0,0,0,11,5,0,0,23,0,0,12,16,0,0,0,3,2,0,0,5,0,24,0,0,61,0,0,0,0,0,0
2012,NARIÑO,0,0,50468,0,0,0,0,5212,0,0,0,0,0,0,0,0,0,0,2040,0,63414,0,4155,5017,84593,17924,12439,3408,1930,1438,0,0,0,0,0,0,0,0,808,223.943.448,0,0,6.700.317,417.366.358,0,0,0,0,8.391.193.119,0,0,0,0,0,819.131.892,0,0,0,0,0,0,0,0,0,0,0,0,0,0,0,0,0,9150,0,0,0,76.924.247,0,819.131.892,10816.44,40898.93,6732.2,0,2.800.684.413,30.873.816,6.628.398.908,2.553.945.241,6.865.877.912,0,2060.4,0,0,0,0,0,0,0,8.739.739.054,0,0,0,0,1111,1365,0,0,184,4423,0,0,0,475,1120,0,0,1142,55673,0,0,0,0,229054,8709,13878,16365,32140,146537,19456,580,4590,2733,74047,16236,278247,24783,479,1014,0,0,0,0,0,0,0,0,0,0,451,0,0,0,0,3,9,0,0,46,0,0,14,13,0,0,0,3,2,0,0,1,0,15,0,0,79,0,0,0,0,0,0
2011,ANTIOQUIA,0,11495,144680,33,0,85,0,0,0,0,0,0,4190,0,0,0,20,25,1560,0,153100,0,11601,35415,176943,56317,270,0,2100,0,0,0,0,0,0,0,0,0,0,1.358.099.579,212.362.474,0,882.889.504,1.244.366.581,52.223.241,878.138,0,0,0,0,0,0,0,4.827.864,714.630.287,0,0,446.4,1.238.713.732,80.242.408,0,0,0,510.231.515,0,0,200.280.253,0,0,0,441.9,0,1.050.323.764,13.109.875,0,60,51.758.072,0,3.912.679.866,35064.32,100143.63,100.05,0,2.084.911.459,0,0,0,1.547.106.205,1150,0,0,0,0,0,0,0,0,1.695.454.494,0,0,0,0,1875,862,0,0,571,2325,500,0,0,0,900,829,0,0,54002,572,0,561,0,619400,5987,37379,113398,105591,315625,580,0,32780,0,115229,13800,437015,30118,0,15578,0,0,0,0,0,0,0,0,0,0,958,0,0,0,0,119,14,0,0,39,0,0,13,10,1,0,0,0,2,49,0,0,0,26,673,0,114,0,0,0,0,0,0
2012,LA GUAJIRA,0,0,18119,0,0,0,0,2742,0,0,0,350,0,0,0,0,0,0,2730,0,21798,0,178,1799,24470,7540,10314,1619,0,110,0,0,0,0,0,0,0,0,0,0,0,0,3.083.136,166.546.041,0,0,0,0,352.446.342,0,0,0,415.2,0,15.432.378,0,0,0,0,0,0,0,0,0,0,0,0,0,0,0,0,0,5.368.907.665,0,0,0,775.521.177,0,15.432.378,4.827.365,13781.22,8.195.435,0,8.047.169.027,861.384,618.383.934,287.679.348,0,0,0,0,0,0,0,0,0,0,3.735.074.964,0,0,0,0,595,279,0,0,3,1965,0,0,0,0,388,0,0,0,6780,0,0,0,0,87300,2635,769,6485,14545,46255,26823,61,1435,76,9950,2871,93597,35150,73,0,0,0,0,0,0,0,0,0,0,0,161,0,0,0,0,0,4,0,0,9,0,0,3,6,0,0,0,0,1,0,0,0,0,6,0,0,19,0,0,0,0,0,0
2010,GUAVIARE,0,134,2925,7,0,11,0,0,0,0,0,0,246,0,0,0,0,29,2157,0,4524,0,802,669,5808,2568,0,0,0,0,0,0,0,0,0,0,0,0,0,264.710.998,260.074.176,0,131.855.876,24.943.525,95.339.619,110.042,0,0,0,0,0,0,0,100.368,171.915.648,0,640.665,0,0,0,39.197.431,319.83,0,0,0,0,0,0,0,0,0,0,0,0,0,10.647.175,440,0,595.009.579,1805.37,3.919.817,0,0,1369.9,0,0,0,0,0,0,0,0,0,0,0,0,0,7.156.763.453,0,0,0,0,360,199,0,18,0,0,0,15,200,0,0,0,0,0,4345,0,0,32,0,0,432,2486,1997,4903,10658,0,0,145,0,480,525,16520,339,0,0,0,0,0,0,0,0,0,0,0,0,42,0,0,0,0,1,2,0,0,12,0,3,0,0,0,3,1,0,0,0,0,0,0,0,32,0,19,0,0,0,0,0,0
2010,MAGDALENA,0,717,13550,9,0,2,0,0,0,0,0,0,506,0,0,0,0,1341,2022,1296,59912,0,588,3393,102715,16901,0,0,0,0,0,0,0,0,0,0,0,0,0,2.138.848.719,1.359.095.665,0,331.590.222,132.434.905,12.773.548,1.846,0,0,0,0,0,0,0,206.448,92.723.286,0,2.863.776,0,0,0,595.423.755,793.5,0,0,0,0,0,91.871.614,0,0,0,0,3265,0,0,165.436.816,710.719.208,0,1.768.024.641,12218.93,69.086.585,0,0,9.708.488.922,0,0,0,0,0,0,0,0,0,0,0,0,0,896.115.694,0,0,0,0,960,83,0,78,0,0,0,17,496,1171,0,0,0,0,42227,0,800,247,4718,0,1845,2218,12371,35205,223121,0,0,1157,0,65486,8595,152520,3136,0,0,0,0,0,0,0,0,0,0,0,0,323,0,0,0,0,60,6,0,0,4,0,4,0,0,0,10,2,7,0,0,0,0,6,3,283,0,27,0,0,0,0,0,0
2013,CASANARE,0,0,1939,0,0,0,0,0,0,0,0,0,0,0,0,0,0,0,1680,0,22806,33278,0,6,0,0,0,0,0,889,11791,18925,4387,0,94,0,33278,37390,0,0,0,0,72.667.051,151.563.625,0,0,0,0,0,0,0,0,0,0,0,0,0,0,0,0,0,0,0,0,0,0,0,0,0,0,0,0,0,0,0,0,981.546.182,0,0,0,0,0,0,2.192.533.087,3.537,0,27.500.175,0,0,0,7815.55,4824.09,2025.73,0,48.64,0,353.8,1.612.202.323,0,0,0,0,111,0,0,0,0,0,0,0,0,0,0,0,0,0,0,0,0,0,0,91299,0,0,20,0,0,0,0,415,3,1133,0,32218,6417,43,0,3066,111,0,0,8081,33427,21840,0,649,794,162,192,358,439,0,0,1,0,0,0,0,0,0,0,0,0,0,0,0,0,0,0,0,0,0,0,0,0,0,0,0,1,0
2012,BOLÍVAR,0,0,102370,0,0,0,0,10906,0,0,0,3122,0,0,0,0,0,0,5040,0,137512,0,920,13192,276338,32118,0,16900,0,4516,0,0,0,0,0,0,0,0,0,0,0,0,7.391.202,887.902.723,0,0,0,0,1.735.926.089,0,0,0,3677.6,0,1.100.295.954,0,0,120.8,0,0,0,0,0,0,0,0,0,0,0,0,5.669.224.416,0,2.887.127.616,0,0,0,156.732.338,0,1.221.095.954,19400.14,147209.37,0,0,275.457.176,702.708,800.506.008,1.542.705.496,459.574.454,0,0,0,0,0,0,0,0,0,2.303.101.555,0,0,0,0,1444,1590,0,0,372,3676,0,0,0,2424,1948,0,0,6968,4542,1968,0,0,0,542050,16978,3158,47720,60860,491218,0,86,4598,62,135988,11658,367640,71018,286,560,0,0,0,0,0,0,0,0,0,0,934,0,0,0,0,0,10,0,0,52,0,0,14,10,0,0,0,6,4,0,0,2,0,26,0,0,88,0,0,0,0,0,0
2012,CALDAS,0,0,8447,0,0,0,0,1238,0,0,0,462,590,0,0,0,0,0,210,0,26211,0,111,1566,22572,4978,5490,5207,0,1358,0,0,0,0,0,0,0,0,0,30.501.712,0,0,612.465,683.066.645,0,0,0,0,2.752.682.547,0,0,0,538.8,596.496,408.417.285,0,0,0,0,0,0,0,0,0,0,0,0,0,0,0,1.241.539.293,0,5.850.557.754,0,0,0,48.031.979,0,408.417.285,2916.02,11086.36,2.973.515,0,1.128.247.472,5.667,100.117,426.915.511,0,0,0,0,0,0,0,0,0,0,2.790.767.207,0,0,0,0,175,289,0,0,0,1765,0,0,0,282,0,0,0,2052,0,485,0,0,0,89833,4388,403,4809,8694,36694,9519,11,1824,5,8623,6241,120153,29797,64,0,0,0,0,0,0,0,0,0,0,0,209,0,0,0,0,6,1,0,0,14,0,0,0,5,0,0,0,1,0,0,0,5,0,15,0,0,25,0,0,0,0,0,0
2012,AMAZONAS,0,0,357,0,0,0,0,0,0,0,0,0,0,0,0,0,0,0,210,0,1051,0,21,40,1517,166,1974,0,0,13,0,0,0,0,0,0,0,0,400,0,0,0,612.465,2.913.418,0,0,0,0,0,0,0,0,0,0,152.734.474,0,0,0,0,0,0,0,0,0,0,0,0,0,0,0,0,0,67.785.274,0,0,0,446.792,0,152.734.474,114.88,894.905,1.444.645,0,991.725,0,11.334,0,0,0,1020,0,0,0,0,0,0,0,4.410.942.914,0,0,0,0,153,148,0,0,4,262,0,0,0,0,0,0,0,0,0,0,0,0,0,4546,414,67,111,308,2963,4714,1,24,0,252,581,8434,1752,0,0,0,0,0,0,0,0,0,0,0,0,7,0,0,0,0,0,1,0,0,7,0,0,2,1,0,0,0,0,0,0,0,0,0,1,0,0,10,0,0,0,0,0,0
2011,CASANARE,0,202,3627,2,0,0,0,0,0,0,0,0,0,0,0,0,0,0,0,0,24780,0,107,599,26585,3620,0,0,0,0,0,0,0,0,0,0,0,0,0,0,3.653.353.309,0,60.337.064,30.210.978,2.738.761,0,0,0,0,0,0,0,0,0,31.884.856,0,0,97.6,0,0,0,0,0,0,0,0,21.260.147,0,0,0,0,0,1000,0,0,0,0,0,150.745.003,2367.82,15.114.475,0,0,162.747.416,0,0,0,0,0,0,0,0,0,0,0,0,0,1.869.337.707,0,0,0,0,140,7,0,0,100,0,0,0,0,0,0,88,0,0,0,0,0,29,0,91417,195,330,1959,7057,47229,0,0,245,0,3774,150,33775,1080,0,0,0,0,0,0,0,0,0,0,0,0,141,0,0,0,0,0,1,0,0,2,0,0,1,0,0,0,0,0,0,6,0,0,0,1,34,0,9,0,0,0,0,0,0
2011,ATLÁNTICO,0,249,20743,2,0,0,0,0,0,0,0,0,0,0,0,0,0,0,1962,0,68154,0,97,4096,123356,7396,0,0,0,0,0,0,0,0,0,0,0,0,0,1.195.983.568,4.632.469.511,0,370.641.962,192.102.587,29.58,0,0,0,0,0,0,0,0,0,66.994.894,0,0,248.6,1.040.429.887,0,0,0,0,485.942.828,0,0,12.079.629,0,0,0,0,0,3.006.789.671,0,0,0,473.432,0,1.854.047.238,4554.1,68360.28,0,0,1.114.918.014,0,0,0,325.723.959,0,0,0,0,0,0,0,0,0,1.072.021.054,0,0,0,0,860,86,0,0,329,2015,0,0,0,0,800,50,0,0,37681,0,0,0,0,273378,3280,310,12917,13609,218381,0,0,1704,0,73523,720,136710,8214,0,0,0,0,0,0,0,0,0,0,0,0,311,0,0,0,0,109,7,0,0,4,0,0,3,7,0,0,0,0,3,6,0,0,0,11,0,0,23,0,0,0,0,0,0
2013,CHOCÓ,0,0,13131,0,0,0,0,0,0,0,0,0,0,0,0,0,0,0,240,0,21458,36217,2,20,0,0,0,334,0,105,7098,19236,12747,0,1766,0,36217,43853,0,0,0,0,212.865.419,101.809.553,0,0,0,0,0,0,0,0,0,0,0,0,0,0,0,0,0,0,0,0,0,0,0,0,0,0,0,0,72.484.412,0,0,0,251.885.135,0,0,0,0,0,0,1.648.250.103,18.864,0,149.506.632,0,0,0,8984.09,3278,6030.06,0,967.28,0,111.4,1.990.806.497,0,0,0,0,417,0,0,0,0,0,0,0,0,0,0,0,0,0,12161,0,0,0,0,95730,0,6,59,0,0,0,0,298,16,26982,396,134155,30715,36,0,2019,417,0,0,25314,37139,14016,0,383,400,195,4211,128,272,0,0,3,0,0,0,0,0,0,0,0,0,0,0,0,0,0,0,0,1,0,0,0,0,0,0,0,3,0
2013,META,0,0,13376,0,0,0,0,0,0,0,0,0,0,0,0,0,0,0,4050,0,27019,40154,3,15,0,0,0,0,0,944,8394,32428,19525,0,275,0,40154,65716,0,0,0,0,27.564.009,994.249.825,0,0,0,0,0,0,0,0,0,0,0,0,0,0,0,0,0,0,0,0,0,0,0,0,0,0,0,0,0,0,0,0,2.102.542.495,0,0,0,0,0,0,6.010.985.236,56.592,785.214,997.167.546,0,0,0,13.028.115,3344.07,9.422.925,0,165.82,0,553,2.889.211.259,0,0,0,0,567,0,0,0,0,0,0,0,0,0,0,0,0,0,0,0,0,0,0,113569,0,7,48,0,0,0,1,1038,48,14900,0,72275,12273,189,0,6180,567,0,0,35804,57304,14852,0,919,1074,246,727,579,765,40,0,4,0,0,0,0,0,0,0,0,0,0,0,0,0,0,0,0,0,0,0,0,0,0,0,0,4,0
2010,RISARALDA,0,106,4924,0,0,2,0,0,0,0,0,0,0,0,0,0,0,0,6544,0,26778,0,88,783,33162,5325,701,0,0,0,0,0,0,0,0,0,0,0,0,707.817.809,20.403.167,0,117.421.949,4.597.798,0,2.06,0,0,0,0,0,0,0,0,211.101.596,0,294.635.833,0,0,0,73.168.538,400,0,0,0,0,0,0,0,0,0,0,1.344.357.906,0,0,0,635.339.897,0,978.905.967,3754.28,19895.85,463.86,0,212.650.504,0,0,0,0,0,0,0,0,0,0,0,0,0,3.999.705.468,0,0,0,0,360,278,0,81,0,0,0,28,250,62,0,0,0,0,0,0,0,7,0,0,699,305,2701,9639,72037,1344,0,263,0,17793,1630,67229,2698,0,0,0,0,0,0,0,0,0,0,0,0,139,0,0,0,0,29,3,0,0,13,0,6,0,0,0,7,3,1,0,0,0,0,0,18,7,0,30,0,0,0,0,0,0
2011,SANTANDER,0,465,26399,5,0,4,0,0,0,0,0,0,0,0,0,0,0,0,3190,0,55850,0,428,1980,76300,14112,0,0,627,0,0,0,0,0,0,0,0,0,0,1.790.559.796,862.627.599,0,39.965.533,23355.92,75.752,41.366,0,0,0,0,0,0,0,0,385.242.514,0,0,246.2,1.550.950.345,0,0,0,0,861.224.147,2.143.439.029,0,201.005.029,0,0,0,151.8,0,2.832.129.871,0,0,0,656.046,0,5.388.061.062,8794.37,42.604.845,0,0,8.189.835.492,0,0,0,7.582.037.321,0,0,0,0,0,0,0,0,0,7.019.950.438,0,0,0,0,855,503,0,0,284,2748,0,0,0,280,1500,832,0,2489,23838,198,0,1845,0,197695,8636,1508,6864,25973,132492,0,0,1299,0,52545,4260,150272,4781,0,1022,0,0,0,0,0,0,0,0,0,0,324,0,0,0,0,107,7,0,0,19,0,0,3,9,0,0,0,5,6,47,0,1,0,6,2436,0,90,0,0,0,0,0,0
2013,ANTIOQUIA,0,0,96694,0,0,0,0,0,0,0,0,0,156,0,0,0,0,0,0,0,133497,279500,2,133,0,0,1115,0,0,2356,58976,142769,95148,0,175,0,279500,320900,0,0,0,0,107.968.221,7.513.052.435,0,0,0,0,0,0,0,0,0,86.7,0,0,0,0,0,0,0,0,0,0,0,0,0,0,0,0,1522.5,0,0,0,0,0,0,0,0,0,0,84.82,0,7.389.547.643,288.855,0,5.218.803.414,700.000.009,0,0,58126.82,23001.76,43.341.915,0,99.93,0,3126.4,1.310.838.272,0,0,0,0,1692,0,0,0,0,0,0,0,0,0,0,0,0,0,26994,1086,0,0,0,682956,0,3,310,0,0,532,0,13633,250,93196,1188,434372,127245,853,0,22933,1572,120,0,172940,254460,105347,0,6147,9432,931,444,4002,5347,537,0,16,0,0,0,0,0,0,0,0,0,0,0,0,0,0,0,0,0,0,0,0,0,0,0,2,14,0
2011,CESAR,0,1803,38359,13,0,1,0,0,0,0,0,0,0,0,0,0,0,736,2703,0,61239,0,349,5720,60745,15714,1253,0,266,0,0,0,0,0,0,0,0,0,0,97.512.043,3.336.527.985,0,290.910.842,355.863.285,185.680.163,0.9938,0,0,0,0,0,0,0,0,165.044.954,0,0,0,1.904.275.512,0,0,0,0,0,0,0,32.131.814,0,0,0,0,0,4.184.398.287,0,0,161.922.706,549.999.998,0,2.101.452.277,10057.88,35.913.535,814.65,0,3.331.829.012,0,0,0,2.425.888.189,700,0,0,0,0,0,0,0,0,5.713.622.664,0,0,0,0,675,205,0,0,0,3600,0,0,0,0,0,133,0,0,21277,0,0,105,0,242199,3938,1211,21444,31100,113923,2551,0,5273,0,45649,1530,143750,3648,0,242,0,0,0,0,0,0,0,0,0,0,333,0,0,0,0,11,4,0,0,7,0,0,0,14,0,0,0,0,0,12,0,0,0,6,136,0,33,0,0,0,0,0,0
2011,CUNDINAMARCA,0,361,14030,0,0,3,0,0,0,0,0,0,0,0,0,0,0,358,1114,0,71333,0,175,2445,82464,7710,0,0,0,21,0,0,0,0,0,0,0,0,0,1.020.192,6.698.066.301,0,241.348.255,119.697.912,0,31.312,0,0,0,0,0,0,0,0,1.431.776,0,0,687.3,2.703.164.601,0,0,0,0,0,1.376.481.329,0,9.639.544,0,0,0,27.75,0,2.673.331.253,0,0,500,473.523.961,0,500.651.897,4.793.315,45.796.015,0,0,3.395.432.506,0,0,0,0,0,0,0,0,0,0,0,0,0,8.308.198.563,0,0,0,0,560,188,0,0,736,4891,0,0,0,348,0,399,0,1639,23627,46,0,24,0,247720,8201,657,8657,14722,146381,0,0,542,0,29913,6157,225005,6605,0,0,0,0,0,0,0,0,0,0,0,0,476,0,0,0,0,3,4,0,0,12,0,0,7,21,0,0,0,1,0,51,0,1,0,36,35,0,93,0,0,0,0,0,0
2010,QUINDÍO,0,52,3249,1,0,0,0,0,0,0,0,0,0,0,0,0,0,0,900,0,15145,0,127,734,23966,2724,0,0,0,0,0,0,0,0,0,0,0,0,0,1.132.501.666,965.934,0,62.416.983,2.930.332,8.674,0,0,0,0,0,0,0,0,0,58.972.987,0,181.912.753,0,0,0,18.292.135,740,0,0,0,0,0,0,0,0,0,0,4.219.797.198,0,0,0,150,0,999.177.875,1.875.945,14084.15,0,0,1007.34,0,0,0,0,0,0,0,0,0,0,0,0,0,2.252.398.872,0,0,0,0,180,70,0,50,0,0,0,7,560,0,0,0,0,0,0,0,600,1,0,0,687,421,2372,5084,39342,0,0,104,0,15235,1008,51315,3593,0,0,0,0,0,0,0,0,0,0,0,0,83,0,0,0,0,43,2,0,0,6,0,5,0,0,0,3,12,0,0,0,0,0,10,6,1,0,26,0,0,0,0,0,0
2010,VAUPÉS,0,7,151,1,0,0,0,0,0,0,0,0,8,0,0,0,0,0,300,0,319,0,55,52,348,142,0,0,0,0,0,0,0,0,0,0,0,0,0,3.120.113,144.2,0,57.735.709,148.947,19.876,0,0,0,0,0,0,0,0,6.12,0,0,0,0,0,0,0,0,0,0,0,0,0,0,0,0,0,0,0,0,0,0,79,0,0,122.195,251.625,0,0,0,0,0,0,0,0,0,0,0,0,0,0,0,0,541.756.839,0,0,0,0,180,0,0,0,0,0,0,0,0,0,0,0,0,0,0,0,0,4,0,0,0,166,198,352,740,0,0,0,0,772,225,5485,0,0,0,0,0,0,0,0,0,0,0,0,0,2,0,0,0,0,1,1,0,0,0,0,0,0,0,0,0,0,0,0,0,0,0,0,0,4,0,0,0,0,0,0,0,0
2010,VICHADA,0,14,556,0,0,0,0,0,0,0,0,0,46,0,0,0,0,0,586,0,1652,0,192,97,1922,424,0,0,0,0,0,0,0,0,0,0,0,0,0,386.385,288.4,0,73.730.061,516.678,0,0,0,0,0,0,0,0,0,18.768,0,0,355.925,0,0,0,0,0,0,0,0,0,0,0,0,0,0,0,0,0,0,0,200,0,355.925,329.125,1342.71,0,0,0,0,0,0,0,0,0,0,0,0,0,0,0,0,1.952.988.161,0,0,0,0,210,0,0,1,0,0,0,0,0,0,0,0,0,0,0,0,0,20,0,0,1,608,440,883,3715,0,0,0,0,961,158,12955,62,0,0,0,0,0,0,0,0,0,0,0,0,13,0,0,0,0,6,1,0,0,0,0,1,0,0,0,0,0,0,0,0,0,0,0,0,22,0,1,0,0,0,0,0,0
2013,GUAVIARE,0,0,2087,0,0,0,0,0,0,0,0,0,227,0,0,0,0,0,0,0,4866,4714,0,2,0,0,0,0,0,153,1849,3989,2624,0,0,0,4714,9054,0,0,0,0,145.334.101,14.619.603,0,0,0,0,0,0,0,0,0,48.96,0,0,0,0,0,0,0,0,0,0,0,0,0,0,0,0,0,0,0,0,0,0,0,0,0,0,0,0,0,451.681.974,27.117,0,189.819,0,0,0,1755.32,773.1,1190.71,0,0,0,267.8,4.132.264.101,0,0,0,0,287,0,0,0,0,0,0,0,0,0,0,0,0,0,0,0,0,0,0,18848,0,0,6,0,0,0,0,66,23,541,0,15387,3093,26,0,1104,287,0,0,4835,7372,3534,0,428,450,39,0,315,361,60,0,2,0,0,0,0,0,0,0,0,0,0,0,0,0,0,0,0,0,0,0,0,0,0,0,0,2,0
2012,BOYACÁ,0,0,4070,0,0,0,0,1334,0,0,0,0,0,0,0,0,0,0,7320,0,102994,0,116,784,115364,4082,0,8986,0,2400,0,0,0,0,0,0,0,0,0,0,0,0,122.493,33.607.833,0,0,0,0,2.126.147.278,0,0,0,0,0,841.108.978,0,0,0,0,0,0,0,0,0,0,0,0,0,0,0,0,0,2.601.574.421,0,0,0,1.489.680.188,0,841.108.978,2590.43,62503.39,0,0,9.071.194.126,45.336,153.009,5.009.628,0,0,0,0,0,0,0,0,0,0,9.568.899.366,0,0,0,0,282,1110,0,0,10,13822,0,0,0,0,464,0,0,0,0,0,0,0,0,337608,15406,380,2432,8014,205400,0,18,1550,4,72124,10702,265470,30288,86,0,0,0,0,0,0,0,0,0,0,0,401,0,0,0,0,0,2,0,0,36,0,0,8,66,0,0,0,0,2,0,0,0,0,22,0,0,112,0,0,0,0,0,0
2012,MAGDALENA,0,0,33994,0,0,0,0,5070,0,0,0,878,1043,0,0,0,0,0,420,0,64310,0,112,4129,87559,16894,0,2482,0,0,0,0,0,0,0,0,0,0,0,0,0,0,3.083.136,2.974.351.895,0,0,0,0,8.532.637.508,0,0,0,1023.4,1207.68,400.863.568,0,0,0,0,0,0,0,0,0,0,0,0,0,0,0,0,0,6320,0,0,0,170.359.953,0,400.863.568,10435.28,49585.14,0,0,2.232.865.143,79.338,608.555,78.813.467,0,1000,0,0,0,0,0,0,0,0,7.777.599.463,0,0,0,0,564,728,0,0,2,2283,0,0,0,618,559,0,0,2388,7290,0,0,0,0,246252,6578,465,14588,32664,162052,0,50,4090,7,61676,10494,152522,23608,151,0,0,0,0,0,0,0,0,0,0,0,485,0,0,0,0,0,4,0,0,14,0,0,2,6,0,0,0,3,1,0,0,1,0,4,0,0,27,0,0,0,0,0,0
2011,VICHADA,0,37,1054,0,0,0,0,0,0,0,0,0,27,0,0,0,0,0,0,0,1638,0,150,67,1568,379,0,0,0,0,0,0,0,0,0,0,0,0,0,7.279.238,618.797.962,0,75.421.329,8.575.145,0,0,0,0,0,0,0,0,0,22.44,0,0,0,0,0,0,0,0,0,0,0,0,14.978.741,0,0,0,0,0,0,0,0,0,0,0,14.978.741,239.315,897.61,0,0,1.542.528,0,0,0,0,0,0,0,0,0,0,0,0,0,1.234.604.308,0,0,0,0,175,0,0,0,0,0,0,0,0,0,0,62,0,0,0,0,0,33,0,7177,62,481,217,765,2909,0,0,19,0,960,165,12955,60,0,0,0,0,0,0,0,0,0,0,0,0,12,0,0,0,0,4,1,0,0,0,0,0,0,0,0,0,0,0,0,3,0,0,0,0,42,0,3,0,0,0,0,0,0
2010,BOLÍVAR,0,325,15921,8,0,2,0,0,0,0,0,0,13,135,0,0,0,120,8421,679,62161,0,1127,5443,167300,15570,0,0,958,0,0,0,0,0,0,135,0,0,0,2.806.868.421,642.083.666,0,530.154.248,151.428.455,117.742.954,19.168,0,0,0,0,0,0,0,7.8,60.917.577,0,1.479.935.442,0,191.361.011,0,869.995.038,800,0,0,0,0,0,96.393.482,896.908.357,0,0,0,3.243.058.175,0,0,159.7,1.909.116.637,0,3.402.209.068,11.166.725,113480.86,0,0,361.771.226,0,0,0,28.417.194,0,0,0,0,0,0,0,896.908.357,0,1.378.164.653,0,0,0,0,1560,53,0,405,0,359,0,295,500,530,0,0,0,0,39108,0,1200,322,2437,0,2142,3921,21327,31804,320838,0,0,352,0,82583,5520,183914,5132,0,1494,0,0,0,0,0,0,0,0,0,0,317,0,0,0,0,55,10,0,0,5,0,8,0,2,0,16,2,1,0,0,0,0,11,4,345,0,34,0,0,0,0,0,0
2011,RISARALDA,0,165,10328,1,0,7,0,0,0,0,0,0,0,0,0,0,0,0,2096,0,27901,0,105,914,29201,5226,657,0,0,0,0,0,0,0,0,0,0,0,0,51.104.475,3.147.185.004,0,96.970.281,89.371.367,104.088,70.474,0,0,0,0,0,0,0,0,299.588.859,165.863.671,0,204.8,0,0,0,0,0,411.798.014,1.522.418.371,0,488.017,0,0,0,123.9,0,1.967.323.333,0,0,0,300,0,2.653.270.614,3135.37,15117.95,406.44,0,2.677.168.152,0,0,0,0,0,0,0,0,0,0,0,0,0,4.201.817.898,0,0,0,0,225,157,130,0,313,0,0,0,0,0,700,202,0,1789,0,214,0,4,0,99058,3291,381,2977,9416,48318,1250,0,382,0,16936,2145,72229,3418,0,0,0,0,0,0,0,0,0,0,0,0,150,0,0,0,0,47,2,0,0,22,6,0,8,0,0,0,0,0,2,12,0,1,0,11,4,0,51,0,0,0,0,0,0
2011,CAQUETÁ,0,588,25164,8,0,148,0,0,0,0,0,0,0,0,0,0,0,0,900,0,28914,0,3348,3010,25803,15202,0,0,0,0,0,0,0,0,0,0,0,0,0,18.279.649,1.093.433.646,0,38.603.286,220.165.063,95.348.814,1.552.362,0,0,0,0,0,0,0,0,76.718.628,0,0,0,43.165.217,0,0,0,0,277.681.532,0,0,47.352.146,0,0,0,0,0,3.078.069.043,0,0,0,370.382.427,0,444.917.523,9.682.065,14.536.395,0,0,5.814.208.278,0,0,0,261.333.334,0,0,0,0,0,0,0,0,0,2.877.747.484,0,0,0,0,780,78,0,0,0,68,0,0,0,0,500,196,528,0,25363,0,0,86,0,107915,1370,10991,10272,28551,46286,0,0,901,0,10806,1200,68853,1926,0,0,0,0,0,0,0,0,0,0,0,0,179,0,0,0,0,13,6,0,0,6,0,0,0,3,0,0,0,0,1,16,2,0,0,7,98,0,28,0,0,0,0,0,0
2011,ARAUCA,0,400,9236,3,0,139,0,0,0,0,0,0,0,0,0,0,0,0,308,0,14439,0,795,1004,17137,5600,0,0,0,0,0,0,0,0,0,0,0,0,0,2.129.702,7.591.156.097,0,241.348.253,74.085.983,506.838,1.457.612,0,0,0,0,0,0,0,0,196.217.069,0,0,0,1.553.481.447,0,0,0,0,0,0,0,15.655.199,0,0,0,0,0,0,0,0,0,96.995.616,0,1.906.250.506,3.565.345,9759.23,0,0,6.383.308.058,0,0,0,0,0,0,0,0,0,0,0,0,0,155.904.664,0,0,0,0,560,302,0,0,0,2856,0,0,0,0,0,648,0,0,15743,0,0,53,0,56606,3806,2445,3433,10713,30070,0,0,1041,0,4214,930,36347,1203,0,0,0,0,0,0,0,0,0,0,0,0,90,0,0,0,0,5,4,0,0,7,0,0,0,5,0,0,0,0,0,6,0,0,0,0,72,0,18,0,0,0,0,0,0
2013,CAUCA,0,0,14255,0,0,0,0,0,0,0,0,0,6,0,0,0,0,0,2280,0,69246,65090,5,6,0,0,23171,0,0,357,29586,60649,17786,0,36460,0,65090,155298,0,0,0,0,155.226.481,116.299.906,0,0,0,0,0,0,0,0,0,1.428,0,0,0,0,0,0,0,0,0,0,0,0,0,0,0,0,0,0,0,0,0,0,1.332.054.986,0,0,0,0,1.609.715,0,8.903.922.661,20.673.765,0,1.619.153.375,532,0,0,24901.11,11947.57,8022.7,0,17.256.855,0,1019.6,6.677.683.147,0,0,0,0,325,0,0,0,0,0,0,0,0,0,0,0,0,0,0,0,0,0,0,267638,0,13,17,0,0,46268,0,1439,1859,46050,0,185685,33137,247,0,5871,311,0,14,30897,102221,49718,0,1789,2179,515,70084,1166,1386,50,0,2,0,0,0,0,0,0,0,0,0,0,0,0,0,0,0,0,0,0,0,0,0,0,1,0,2,0
2012,SUCRE,0,0,44869,0,0,0,0,1995,0,0,0,817,0,0,0,0,0,0,2070,0,81890,0,99,3573,61578,15815,0,4477,0,581,0,0,0,0,0,0,0,0,0,0,0,0,3.360.564,3.965.701.295,0,0,0,0,3.160.930.437,0,0,0,961.4,0,824.690.286,0,0,0,0,0,0,0,0,0,0,0,0,0,0,0,384.676.092,0,6.684.512.265,0,0,0,723.190.876,0,824.690.286,8.976.265,33.693.775,0,0,8.799.478.299,11.334,583.084.209,446.091.127,7.774.338,0,0,0,0,0,0,0,0,0,5.582.323.974,0,0,0,0,486,970,0,0,4,2248,0,0,0,0,584,0,0,0,5039,266,0,0,0,311732,3806,334,12652,28564,110695,0,73,1786,1,46859,5871,123958,11384,100,210,0,0,0,0,0,0,0,0,0,0,533,0,0,0,0,0,4,0,0,40,0,0,3,8,0,0,0,0,1,0,0,0,0,7,0,0,52,0,0,0,0,0,0
2013,NACIONAL,0,0,0,0,0,0,0,0,0,0,0,0,0,0,0,0,0,0,0,0,0,0,0,0,0,0,0,0,0,0,0,0,0,0,0,0,0,0,0,0,0,0,0,0,0,0,0,0,0,0,0,0,0,0,0,0,0,0,0,0,0,0,0,0,0,0,0,0,0,0,0,0,0,0,0,0,0,0,0,0,0,0,0,0,0,0,4.435.806.495,26.816.132,0,0,0,0,0,0,0,0,0,26.816.132,0,0,0,0,0,0,0,0,0,0,0,0,0,0,0,0,0,0,0,0,0,0,0,0,0,0,0,0,0,0,0,0,0,3,0,0,0,785,0,0,0,0,0,0,0,0,0,0,0,0,0,0,0,0,0,0,0,0,0,0,0,0,0,0,0,0,0,0,0,0,0,0,0,0,0,0,0,0,0,0,0,0
2012,BOGOTÁ  D.C.,0,0,137282,0,0,0,0,0,0,0,0,0,0,0,0,0,0,0,0,0,33084,0,112,11180,131856,36934,0,4200,0,1288,0,0,0,0,0,0,0,0,0,8.297.288.444,0,0,12.850.602,1.328.543.761,0,0,0,0,0,0,0,0,0,0,195.593.478,0,0,118.8,0,0,0,0,0,0,0,0,0,0,0,0,0,0,0,0,0,0,0,0,314.393.478,21952.5,62469.71,0,0,4.390.734.192,2.561.484,2.699.270.666,188.715.461,0,0,0,0,0,0,0,0,0,0,9.431.895.212,0,0,0,0,1954,162,0,0,704,3678,0,0,0,0,0,0,0,5556,0,0,0,0,0,116626,10100,394,36310,63284,203550,0,312,7188,226,217328,48678,324070,86760,330,0,0,0,0,0,0,0,0,0,0,0,342,0,0,0,0,176,14,0,0,10,0,0,8,2,0,0,0,0,0,0,0,2,0,0,0,0,22,0,0,0,0,0,0
2012,PUTUMAYO,0,0,22447,0,0,0,0,2386,0,0,0,611,462,0,0,0,0,0,1290,0,20384,0,1503,2214,14019,12565,3103,996,0,442,0,0,0,0,0,0,0,0,558,0,0,0,6.422.889,1.780.413.665,0,0,0,0,3.453.978.375,0,0,0,715.6,445.74,480.304.263,0,0,0,0,0,0,0,0,0,0,0,0,0,0,0,0,0,0,0,0,0,523.248.428,0,480.304.263,7928.05,7182.6,1.993.795,0,2.854.018.342,62.337,1.802.799.089,1.597.801.461,0,0,1422.9,0,0,0,0,0,0,0,2.434.276.497,0,0,0,0,1205,629,0,0,189,2000,0,0,0,0,395,0,0,0,10224,0,0,0,0,77413,3213,4714,6682,23006,24052,6231,176,4738,55,6861,3003,53941,4043,276,0,0,0,0,0,0,0,0,0,0,0,159,0,0,0,0,0,9,0,0,29,0,0,7,5,0,0,0,0,1,0,0,0,0,0,0,0,42,0,0,0,0,0,0
2011,CAUCA,0,1464,23970,11,0,3140,0,0,0,0,0,0,3036,0,0,0,0,0,2352,0,71348,0,5941,4739,72773,12334,26274,0,161,0,0,0,0,0,0,0,0,0,0,10.739.718,2.813.019.068,0,198.250.352,202.187.355,2.018.822,33.129.224,0,0,0,0,0,0,0,6.899.484,334.766.482,0,0,80,4.419.245.954,0,0,0,0,353.493.775,0,0,155.344.028,0,0,0,0,0,1.454.410.641,0,0,0,496.2,0,5.342.850.236,7.258.725,38364.6,17016.58,0,283.113.066,0,0,0,2.861.811.895,0,0,0,0,0,0,0,0,0,8.609.386.361,0,0,0,0,460,452,0,0,80,7794,0,0,0,454,600,643,0,0,35846,0,0,2273,0,262902,10023,19950,15748,21690,126700,51715,0,4356,0,46798,5625,185136,5393,0,2906,0,0,0,0,0,0,0,0,0,0,442,0,0,0,0,1,3,0,0,18,0,0,1,31,0,0,0,1,1,18,0,0,0,192,3143,0,70,0,0,0,0,0,0
2012,TOLIMA,0,0,25417,0,0,0,0,2071,0,0,0,107,0,0,0,0,0,0,3780,0,70206,0,1407,2395,62620,12780,3233,8672,0,2106,0,0,0,0,0,0,0,0,0,0,0,0,3.083.136,2.161.596.155,0,0,0,0,383.851.732,0,0,0,126,0,358.443.046,0,0,53,0,0,0,0,0,0,0,0,0,0,0,0,0,0,1.615.215.262,0,0,0,1.242.138.776,0,411.443.046,7811.53,33357.32,1.853.525,0,1.770.358.248,1.915.446,914.723.263,891.079.834,0,0,0,0,0,0,0,0,0,0,6.510.094.036,0,0,0,0,583,422,0,0,157,7083,0,0,0,174,582,0,0,1524,11814,0,0,0,0,251048,9942,4873,7891,23689,107718,6435,103,3150,169,15707,4849,145845,24527,174,0,0,0,0,0,0,0,0,0,0,0,504,0,0,0,0,0,4,0,0,19,0,0,9,27,0,0,0,2,1,0,0,1,0,14,0,0,59,0,0,0,0,0,0
2011,CHOCÓ,0,565,20164,0,0,7,0,0,0,0,0,0,0,0,0,0,0,1699,451,0,23491,0,2615,4499,22165,7675,0,0,0,0,0,0,0,0,0,0,0,0,0,7.880.318,1.032.456.874,0,249.967.835,167.188.278,0,70.718,0,0,0,0,0,0,0,0,220.879.183,213.285,0,0,287.189.096,40.121.204,0,0,0,0,0,0,5.315.036,0,0,0,0,0,1.704.144.784,0,0,101.368.075,142.029.294,0,935.923.856,4.939.055,13021.14,0,0,5.867.247.455,0,0,0,0,0,0,0,0,0,0,0,0,0,2.100.014.109,0,0,0,0,580,220,1,0,0,550,250,0,0,0,0,22,0,0,45388,0,0,69,0,97248,1043,9445,13921,15360,44288,0,0,795,0,26514,2370,134219,4943,0,0,0,0,0,0,0,0,0,0,0,0,135,0,0,0,0,4,4,0,0,13,1,0,0,2,1,0,0,0,0,5,0,0,0,6,95,0,22,0,0,0,0,0,0
2012,NORTE DE SANTANDER,0,0,22437,0,0,0,0,225,0,0,0,0,0,0,0,0,0,0,2400,0,42085,0,796,2100,57250,10312,0,4877,0,994,0,0,0,0,0,0,0,0,281,413.765,0,0,4.624.704,203.642.437,0,0,0,0,327.221.784,0,0,0,0,0,247.764.956,0,0,0,0,0,0,0,0,0,0,0,0,0,0,0,0,0,2.381.795.593,0,0,0,740.604.805,0,247.764.956,6217.11,29781.86,0,0,3.161.888.629,4.454.262,1.317.671.596,2.658.391.968,0,0,729.3,0,0,0,0,0,0,0,6.236.566.438,0,0,0,0,896,572,0,0,917,5644,0,0,0,0,1063,0,0,2802,0,0,0,0,0,154586,10998,2894,7496,18961,97122,0,131,5016,393,39860,5029,138686,14024,445,0,0,0,0,0,0,0,0,0,0,0,289,0,0,0,0,2,6,0,0,18,0,0,29,20,0,0,0,0,2,0,0,4,0,43,0,0,73,0,0,0,0,0,0
2012,QUINDÍO,0,0,7369,0,0,0,0,825,0,0,0,0,0,0,0,0,0,0,120,0,15487,0,67,1040,18224,2894,0,2591,0,870,0,0,0,0,0,0,0,0,0,0,0,0,612.465,57.972.263,0,0,0,0,1.960.008.356,0,0,0,0,0,207.977.668,0,0,93.4,0,0,0,0,0,0,0,0,0,0,0,0,566.401.099,0,2000,0,0,0,27.446.845,0,301.377.668,1.680.975,8.421.515,0,0,62.283.091,11.334,2.886.765,282.717.563,0,0,0,0,0,0,0,0,0,0,1.501.897.047,0,0,0,0,162,229,0,0,787,1602,0,0,0,0,0,0,0,1870,0,295,0,0,0,58690,4488,233,3166,5081,27466,0,36,1082,10,10557,2981,51315,5451,46,0,0,0,0,0,0,0,0,0,0,0,118,0,0,0,0,0,1,0,0,7,0,0,22,6,0,0,0,0,0,0,0,2,0,4,0,0,37,0,0,0,0,0,0
2012,ARCHIPIÉLAGO DE SAN ANDRÉS  PROVIDENCIA Y SANTA CATALINA,0,0,29,0,0,0,0,0,0,0,0,0,646,0,0,0,0,0,1500,0,1683,0,0,1,1312,5,0,0,0,2,0,0,0,0,0,0,0,0,0,0,0,0,612.465,227.475,0,0,0,0,0,0,0,0,0,384.336,1.323.964,0,0,4.8,0,0,0,0,0,0,0,0,0,0,0,0,47.293.188,0,3.224.446.266,0,0,0,608.428.404,0,1.371.964,2.255,581.615,0,0,0,0,0,0,0,0,0,0,0,0,0,0,0,0,4.662.480.758,0,0,0,0,143,121,0,0,10,452,0,0,0,0,0,0,0,0,0,46,0,0,0,5264,583,0,4,8,1952,0,0,0,0,562,0,8754,1007,0,0,0,0,0,0,0,0,0,0,0,0,12,0,0,0,0,0,1,0,0,5,0,0,1,2,0,0,0,0,0,0,0,0,0,3,0,0,8,0,0,0,0,0,0
2012,META,0,0,31718,0,0,0,0,30,0,0,0,59,0,0,0,0,0,0,690,0,30716,0,734,2868,25656,13925,0,1424,0,1624,0,0,0,0,0,0,0,0,0,0,0,0,3.399.774,264.243.431,0,0,0,0,48.175.248,0,0,0,70.2,0,251.119.789,0,0,1,0,0,0,0,0,0,0,0,0,0,0,0,0,0,2.049.802.668,0,0,0,279.877.066,0,252.119.789,8796.13,13.608.155,0,0,4.007.700.471,136.008,951.233.005,2.209.765.377,0,0,0,0,0,0,0,0,0,0,2.544.443.717,0,0,0,0,582,297,0,0,4,3995,0,0,0,0,374,0,0,2859,8442,0,0,0,0,108579,7529,2384,8947,25269,42523,0,90,6930,120,15028,3366,72371,12752,434,0,0,0,0,0,0,0,0,0,0,0,247,0,0,0,0,0,4,0,0,15,0,0,2,12,0,0,0,0,2,0,0,2,0,3,0,0,33,0,0,0,0,0,0
2011,VALLE DEL CAUCA,0,487,42872,17,0,84,0,0,0,0,0,0,0,1081,0,0,0,0,1087,0,77961,0,5649,7001,111407,17348,0,0,741,0,0,0,0,0,0,1081,0,0,0,8.338.385.513,9.006.345.766,0,509.554.981,401.249.117,43.078.154,86.498,0,0,0,0,0,0,0,0,547.067.924,0,0,79.8,2.529.998.525,797.609.536,0,0,0,825.596.943,0,0,4.493.622,0,6.807.359.888,0,48.9,0,2.998.724.457,0,0,0,405,0,4.825.009.148,10508.36,57839.13,0,0,8.898.377.047,0,0,0,69.155.435,0,0,0,0,0,0,0,6.807.359.888,0,1.199.604.984,0,0,0,0,1110,558,0,0,88,4779,497,0,0,0,1400,186,0,0,29222,91,0,5600,0,286002,7508,26072,24035,31598,178138,0,0,1132,0,82825,9660,363918,16952,0,4485,0,0,0,0,0,0,0,0,0,0,408,0,0,0,0,128,9,0,0,23,0,0,1,21,2,0,0,0,3,17,0,0,0,64,7442,0,67,0,0,0,0,0,0
2011,CÓRDOBA,0,1226,30529,8,0,10,0,0,0,0,0,0,760,0,0,0,0,19,1630,0,124672,0,3939,6563,143104,15370,2663,0,0,0,0,0,0,0,0,0,0,0,0,379.001.243,2.317.694.599,0,362.022.382,267.401.871,132.488,10.016,0,0,0,0,0,0,0,1.202.376,328.969.662,0,0,0,2.197.103.857,0,0,0,0,0,0,0,72.960.958,0,0,0,0,0,6.587.402.981,0,0,56.192.854,599.176,0,2.599.034.477,9.673.595,83.278.685,1868.08,0,231.474.142,0,0,0,0,0,0,0,0,0,0,0,0,0,1.646.336.239,0,0,0,0,840,488,0,0,0,4172,0,0,0,0,0,302,0,0,45960,0,0,68,0,511758,4962,14322,22924,30755,271893,6471,0,4321,0,84376,4710,186741,3731,0,0,0,0,0,0,0,0,0,0,0,0,647,0,0,0,0,12,5,0,0,14,0,0,0,20,0,0,0,0,0,10,0,0,0,36,76,0,44,0,0,0,0,0,0
2011,CALDAS,0,283,5916,0,0,0,0,0,0,0,0,0,620,0,0,0,0,0,1085,0,27088,0,117,990,25494,4928,5809,0,0,0,0,0,0,0,0,0,0,0,0,416.294.159,5.367.908.284,0,16.377.203,47.260.795,0,0,0,0,0,0,0,0,0,743.172,148.195.696,141.771.955,0,1.2,0,0,0,0,0,0,1.241.108.617,0,44.694.627,0,0,0,179.1,0,2.347.349.908,0,0,0,281.811.207,0,1.576.970.895,3001.71,13685.2,3348.94,0,4.185.171.314,0,0,0,0,0,0,0,0,0,0,0,0,0,4.612.729.737,0,0,0,0,380,61,100,0,4,0,0,0,0,0,0,185,0,1543,0,206,0,18,0,97190,1893,395,3546,8914,42998,10305,0,591,0,25477,1410,120113,5201,0,0,0,0,0,0,0,0,0,0,0,0,190,0,0,0,0,46,3,0,0,6,1,0,1,0,0,0,0,0,0,18,0,1,0,1245,22,0,27,0,0,0,0,0,0
2011,NACIONAL,0,0,0,0,0,0,0,0,0,0,0,0,0,0,0,0,0,3667,0,0,0,0,31,1,0,0,0,0,0,0,0,0,0,0,0,0,0,0,0,0,0,0,0,0,0,0,0,0,0,0,0,0,0,0,0,0,0,0,0,0,0,0,0,0,0,0,0,0,0,0,0,0,3.435.949.325,0,0,10284.36,0,0,0,0,0,0,0,0,0,0,0,5.513.256,0,0,0,0,0,0,0,0,0,3.491.081.885,0,0,0,0,0,0,0,0,0,0,0,0,0,0,0,0,0,0,0,0,200,103,0,0,0,114,0,0,0,0,0,0,0,0,0,0,0,0,1635,0,0,0,0,0,0,0,0,0,0,0,0,0,0,0,0,0,0,0,0,0,0,0,0,0,0,0,0,0,0,0,0,2,4,122,0,0,0,0,0,0,0,0
2013,RISARALDA,0,0,4335,0,0,0,0,0,0,0,0,0,0,0,0,0,0,0,1960,0,23573,39249,0,4,0,0,572,62,0,372,9764,24584,6196,0,2183,0,39249,46461,0,0,0,0,130.305.989,3.507.376,0,0,0,0,0,0,0,0,0,0,0,0,0,0,0,0,0,0,0,0,0,0,0,0,0,0,408,0,0,0,0,0,1.488.650.002,0,0,0,0,41.965,0,4.286.639.659,7.074,0,439.505.262,0,0,0,8818.84,3346.86,2.762.945,0,1240.81,0,766.2,1.900.457.599,0,0,0,0,199,0,0,0,0,0,0,0,0,0,0,0,0,0,0,421,0,0,0,92641,0,0,12,0,0,1068,0,734,6,13991,0,72229,11285,74,0,8138,199,0,0,10892,41783,16537,0,1581,2012,185,5024,944,1292,70,0,2,0,0,0,0,0,0,0,0,0,0,0,0,0,0,0,0,0,0,0,0,0,0,0,0,2,0
2013,VICHADA,0,0,390,0,0,0,0,0,0,0,0,0,0,0,0,0,0,0,0,0,1622,1039,0,0,0,0,0,0,0,2,613,1188,506,0,0,0,1039,2457,0,0,0,0,57.638.938,305.741,0,0,0,0,0,0,0,0,0,0,0,0,0,0,0,0,0,0,0,0,0,0,0,0,0,0,0,0,0,0,0,0,0,0,0,0,0,0,0,14.148,0,0,0,0,0,0,544.78,268.83,252.03,0,0,0,0,1.123.278.938,0,0,0,0,143,0,0,0,0,0,0,0,0,0,0,0,0,0,0,0,0,0,0,7480,0,0,0,0,0,0,0,2,0,891,0,12955,570,0,0,129,143,0,0,1074,2341,1159,0,24,63,15,0,0,0,20,0,1,0,0,0,0,0,0,0,0,0,0,0,0,0,0,0,0,0,0,0,0,0,0,0,0,1,0
2011,AMAZONAS,0,1,310,0,0,0,0,0,0,0,0,0,0,0,0,0,0,14,355,0,1167,0,12,34,1653,161,2049,0,0,0,0,0,0,0,0,0,0,0,0,0,21.424,0,60.337.064,239.707,0,0,0,0,0,0,0,0,0,0,0,0,0,0,0,0,0,0,0,0,0,0,748.937,0,0,0,0,0,500,0,0,90,50,0,748.937,111.59,1052.1,1.629.065,0,0,0,0,0,0,0,0,0,0,0,0,0,0,0,3.410.581.434,0,0,0,0,140,0,0,0,0,0,0,0,0,0,0,31,0,0,0,0,0,3,0,5214,31,48,94,311,3466,5199,0,0,0,1608,240,8616,120,0,0,0,0,0,0,0,0,0,0,0,0,7,0,0,0,0,0,1,0,0,0,0,0,0,0,0,0,0,0,0,1,0,0,0,1,3,0,1,0,0,0,0,0,0
2012,CESAR,0,0,45667,0,0,0,0,351,0,0,0,1646,0,0,0,0,0,0,0,0,59547,0,158,4951,52592,16338,1186,7337,0,1001,0,0,0,0,0,0,0,0,156,0,0,0,2.470.671,418.187.346,0,0,0,0,594.934.083,0,0,0,1943,0,632.514.347,0,0,0,0,0,0,0,0,0,0,0,0,0,0,0,0,0,1.763.556.212,0,0,0,0,0,632.514.347,9.928.145,28.221.245,731.15,0,308.545.094,11.334,91.232.171,1.399.708.127,0,1.364.652.713,397.8,0,0,0,0,0,0,0,6.169.607.036,0,0,0,0,465,713,0,0,4,2781,0,0,0,164,597,0,0,0,1053,0,0,0,0,228748,4259,587,17903,30788,93934,2362,102,5579,1,40452,5468,142837,22209,245,0,0,0,0,0,0,0,0,0,0,0,413,0,0,0,0,0,3,0,0,22,0,0,3,10,0,0,0,2,1,0,0,0,0,8,0,0,38,0,0,0,0,0,0
2010,META,0,508,13569,8,0,9,0,0,0,0,0,0,13,0,0,0,0,247,480,0,26663,0,1562,3076,35505,13761,0,0,0,0,0,0,0,0,0,0,0,0,0,4.530.691.084,970.869.142,0,377.622.747,122.180.135,128.470.666,8.982,0,0,0,0,0,0,0,7.608,217.569.652,0,140.886.614,0,463.709.826,0,51.718.459,680,0,0,0,0,0,1.414.155,0,0,0,0,4.198.629.742,0,0,216.034.681,140.330.476,0,2.019.350.682,10.218.951,23.196.475,0,0,432.721.952,0,0,0,0,0,0,0,0,0,0,0,0,0,4.482.346.623,0,0,0,0,930,248,0,39,0,846,0,90,425,88,0,0,0,0,31378,0,0,1593,0,0,1736,4978,10280,25985,75694,0,0,503,0,15332,2524,72286,2635,0,0,0,0,0,0,0,0,0,0,0,0,186,0,0,0,0,14,6,0,0,19,0,6,0,5,0,7,4,1,0,0,0,0,0,2,1843,0,42,0,0,0,0,0,0
2010,NORTE DE SANTANDER,0,478,6732,20,0,45,0,0,0,0,0,0,5,0,0,0,0,2152,2650,0,39918,0,876,1572,73324,10608,0,0,798,0,0,0,0,0,0,0,0,0,0,3.495.664.135,951.850.688,0,632.752.164,6.642.522,3.476.064,429.542,0,0,0,0,0,0,0,2.448,340.611.536,0,127.562.834,0,607.683.983,0,732.048.222,658.27,0,0,0,0,0,46.954.953,0,0,0,0,1.183.083.509,0,0,74.272.899,666.147.358,0,2.466.176.575,7816.68,47.672.885,0,0,804.410.842,0,0,0,2.036.967.835,0,0,0,0,0,0,0,0,0,7.666.506.311,0,0,0,0,1590,494,0,35,0,1086,0,28,414,0,0,0,0,0,19024,0,2500,58,0,0,2057,3167,6087,21114,137816,0,0,898,0,43027,4590,141309,3808,0,2855,0,0,0,0,0,0,0,0,0,0,250,0,0,0,0,172,10,0,0,23,0,4,0,4,0,16,4,0,0,0,0,0,15,60,68,0,51,0,0,0,0,0,0
2012,VAUPÉS,0,0,458,0,0,0,0,0,0,0,0,0,0,0,0,0,0,0,0,0,427,0,24,39,265,119,0,0,0,0,0,0,0,0,0,0,0,0,0,0,0,0,612.465,42.154.205,0,0,0,0,0,0,0,0,0,0,75.822.664,0,0,0,0,0,0,0,0,0,0,0,0,0,0,0,0,0,1.710.209.878,0,0,0,0,0,75.822.664,86.425,152.015,0,0,133.582.524,0,0,5.664.733,0,0,0,0,0,0,0,0,0,0,2.085.719.042,0,0,0,0,140,59,0,0,0,0,0,0,0,0,0,0,0,0,0,0,0,0,0,1657,59,76,162,289,539,0,0,11,0,772,0,5485,210,3,0,0,0,0,0,0,0,0,0,0,0,5,0,0,0,0,0,1,0,0,4,0,0,0,0,0,0,0,0,0,0,0,0,0,1,0,0,4,0,0,0,0,0,0
2010,ANTIOQUIA,0,5219,75867,54,0,45,0,0,0,0,0,0,4172,0,365,0,0,1046,9333,9479,139072,0,8162,28350,196641,49760,0,0,540,0,0,0,0,0,0,365,0,0,0,58.143.369,1.006.859.895,0,723.256.791,70.083.544,857.334.508,452.656,0,0,0,0,0,0,0,2.496.504,422.255.745,0,815.237.416,0,391.293.176,0,896.958.264,1595.04,0,0,0,0,0,106.588.868,0,4.312.859.202,0,0,9.266.431.732,0,0,817.212.208,2.799.170.927,0,4.120.784.601,34.255.416,126.538.182,0,0,6.475.682.754,0,0,0,79.114.784,2200.5,0,0,0,0,0,0,4.312.859.202,0,1.909.286.749,0,0,0,0,2070,598,0,224,0,732,0,648,997,0,0,0,0,0,51400,0,4500,292,37636,0,3199,28855,98866,95875,364456,0,0,7572,0,117091,16350,405829,18719,0,1525,0,0,0,0,0,0,0,0,0,0,958,0,0,0,0,190,18,0,0,25,0,14,0,8,0,52,10,0,0,0,0,0,25,42,354,0,109,0,0,0,0,0,0
2013,SANTANDER,0,0,8267,0,0,0,0,0,0,0,0,0,0,0,0,0,0,0,150,0,50546,90257,0,18,0,0,0,587,0,1793,19670,69976,17056,0,0,0,90257,113314,0,0,0,0,345.198.396,68.802.797,0,0,0,0,0,0,0,0,0,0,0,0,0,0,0,0,0,0,0,0,0,0,0,0,0,0,451.8,0,0,0,0,0,78.424.305,0,0,0,0,0,0,1.102.217.429,176.394,0,898.013.646,0,0,0,29.131.685,7714.42,8236.76,0,0,0,1063.2,470.214.877,0,0,0,0,601,0,0,0,0,0,0,0,0,0,0,0,0,0,0,530,0,0,0,190431,0,0,44,0,0,0,0,1973,15,48149,0,144271,15120,139,0,11223,551,50,0,31049,125968,34602,0,1890,2975,409,0,1285,1558,210,0,5,0,0,0,0,0,0,0,0,0,0,0,0,0,0,0,0,0,0,0,0,0,0,0,1,4,0
2011,GUAINÍA,0,4,1255,0,0,0,0,0,0,0,0,0,431,0,0,0,0,0,0,0,520,0,65,124,352,540,0,0,0,0,0,0,0,0,0,0,0,0,0,59.526,69.628,0,75.421.329,1.106.776,0,0,0,0,0,0,0,0,0,526.32,0,0,0,0,0,0,0,0,0,0,0,0,1.691.148,0,0,0,0,0,0,0,0,0,0,0,1.691.148,404.865,187.44,0,0,0,0,0,0,0,0,0,0,0,0,0,0,0,0,675.370.077,0,0,0,0,175,0,0,0,0,0,0,0,0,0,0,7,0,0,0,0,0,6,0,2693,7,266,488,1328,665,0,0,0,0,472,270,5677,100,0,0,0,0,0,0,0,0,0,0,0,0,4,0,0,0,0,6,2,0,0,0,0,0,0,0,0,0,0,0,0,1,0,0,0,0,6,0,1,0,0,0,0,0,0
2013,CUNDINAMARCA,0,0,7003,0,0,0,0,0,0,0,0,0,0,0,0,0,0,0,0,0,60301,68360,0,7,0,0,0,0,0,3059,26724,57405,10674,0,0,0,68360,100853,0,0,0,0,28.553.247,5.478.801,0,0,0,0,0,0,0,0,0,0,0,0,0,0,0,0,0,0,0,0,0,0,0,0,0,0,49.7,0,0,0,0,0,0,0,0,0,0,0,0,274.338.558,5.895,0,195.126.858,0,0,0,23355.01,10307.31,5067.91,0,0,0,626,3.969.146.247,0,0,0,0,493,0,0,0,0,0,0,0,0,0,0,0,0,0,0,126,0,0,0,219047,0,0,21,0,0,0,0,476,5,25851,0,221970,27587,42,0,3467,493,0,0,19773,103391,47058,0,1303,1938,529,0,692,1153,0,0,4,0,0,0,0,0,0,0,0,0,0,0,0,0,0,0,0,0,0,0,0,0,0,0,0,4,0
2013,CÓRDOBA,0,0,18334,0,0,0,0,0,0,0,0,0,601,0,0,0,0,0,2880,0,108962,137543,0,7,0,0,3135,0,0,2122,52773,103322,22514,0,10271,0,137543,198657,0,0,0,0,343.171.408,1.445.967.125,0,0,0,0,0,0,0,0,0,124.848,0,0,0,0,0,0,0,0,0,0,0,0,0,0,0,0,0,0,0,0,0,0,1.053.735.874,0,0,0,0,225.79,0,2.270.204.155,43.623,11.79,472.779,0,0,0,46020.91,24.130.405,10957.85,0,5094.94,0,716.8,8.854.360.228,0,0,0,0,602,0,0,0,0,0,0,0,0,0,0,0,0,0,32134,0,0,0,0,489330,0,0,26,0,0,7060,1,467,37,82043,0,186741,28642,91,0,10654,602,0,0,44642,196417,101287,0,1739,1800,806,21804,787,1062,0,0,5,0,0,0,0,0,0,0,0,0,0,0,0,0,0,0,0,0,0,0,0,0,0,0,0,5,0
