Dane_Importar,Depto,AFRO_FAM,AVVRA_FAM,AHE_FAM,AVV40_FAM,DESARRA_FAM,AVV2_FAM,DRPE_FAM,GI_PEE_FAM,FA_DES_FAM,FA_IND_FAM,FA_SIS_FAM,IRR_FAM,PFG_FAM,HAB_MH_FAM,HAB_RUR_FAM,LP_FAM,PDP_FAM,PP_FAM,RESA_FAM,RETOR_FAM,UNIDOS_FAM,FAM_BAN_FAM,EXPUL_FAM,RECEP_FAM,FASAN_SIS_FAM,FASAN_DES_FAM,FASAN_IND_FAM,ICBF_FAM_BIENE_FAM,GPDE_FAM,UNI_PROM_FAM,MFA_UNI_FAM,MFA_SIS_FAM,MFA_DES_FAM,GIV_FAM,MFA_IND_FAM,HAB_FAM,MFA_BAN_FAM,MFA_INS_FAM,FA_FACT_FAM,GI_IRACA_FAM,ACT_PROS_INV,AVVRA_INV,DESARRA_INV,MUSICA_INV,AHE_INV,AVV40_INV,AVV2_INV,AFRO_INV,DRPE_INV,GI_PEE_INV,FA_DES_INV,FA_IND_INV,FA_SIS_INV,IRR_INV,PFG_INV,GI_CAP_INV,GI_DEI_INV,GI_ICETEX_INV,GI_ICE_INV,GI_MA_INV,GI_MP_INV,GI_OTRAS_INV,GI_PAI_INV,GI_RAI_INV,GI_RIE_INV,GI_TU_INV,GI_TT_INV,GI_SIT_INV,GAM_INV,HAB_MH_INV,HAB_RUR_INV,IPS_INV,LP_INV,OPP_INV,PDP_INV,PE_INV,PP_INV,RESA_INV,UNIDOS_INV,GIV_INV,FASAN_DES_INV,FASAN_SIS_INV,FASAN_IND_INV,NTP_INV,IND1290_INV,AYUHUM_INV,IND418_INV,EN_NNA_INV,GPDE_INV,PI_INV,GI_IRACA_INV,MFA_SIS_INV,MFA_UNI_INV,MFA_DES_INV,LA_INV,MFA_IND_INV,HAB_INV,JEA_INV,PRR_INV,SJ_INV,DPS_INV,GI_PEE_PER,FA_DES_PER,FA_IND_PER,FA_SIS_PER,MUSICA_PER,GI_CAP_PER,GI_DEI_PER,GI_ICETEX_PER,GI_ICE_PER,GI_MA_PER,GI_MP_PER,GI_OTRAS_PER,GI_PAI_PER,GI_RAI_PER,GI_RIE_PER,GI_SIT_PER,GI_TT_PER,GI_TU_PER,GAM_PER,IPS_PER,LA_PER,PROT_TIER_PER,RETORNO_PER,UNIDOS_PER,GIV_PER,EXPUL_PER,RECEP_PER,FASAN_DES_PER,FASAN_SIS_PER,FASAN_IND_PER,IND418_PER,IND1290_PER,AYU_HUM_PER,ICBF_NN_SIN_EDU_INI_PER,ICBF_GEN_BIENE_PER,ICBF_NNA_PAE_PER,NN_PAI_PER,EN_NNA_PER,GPDE_PER,JEA_REG_PER,MPR_PREOR_PER,MPR_DIS_PER,MPR_COR_PER,MFA_DES_PER,MFA_SIS_PER,MFA_UNI_PER,GI_IRACA_PER,JEA_MAT_PER,JEA_CUP_PER,UNI_COG_PER,MFA_IND_PER,JEA_PER,JEA_ENROL_PER,JEA_PRO_MAT_PER,SJ_PER,ACT_PROS_PRO,MUSICA_PRO,DESARRA_PRO,GI_PEE_PRO,GI_CAP_PRO,GI_DEI_PRO,GI_ICETEX_PRO,GI_ICE_PRO,GI_MA_PRO,GI_MP_PRO,GI_OTRAS_PRO,GI_PAI_PRO,GI_RAI_PRO,GI_RIE_PRO,GI_SIT_PRO,GI_TT_PRO,GI_TU_PRO,LA_PRO,OPP_PRO,PROT_TIER_PRO,PP_PRO,GIV_PRO,NTP_PRO,PI_PRO,MPR_COR_PRO,MPR_DIS_PRO,MPR_PREOR_PRO,PRR_PRO,OPP_REG_PRO,PROT_TIER_HAS,GME_HAS,TOT_INV
05,ANTIOQUIA,0,16714,453449,87,0,130,0,5757,0,0,0,8544,4341,620,365,0,0,1071,8326,9479,133497,279500,17666,67027,170855,58245,1180,10301,2640,5811,58976,142769,95148,0,175,985,279500,320900,0,854,4942.221797,313048.4635,0,3794.760919,379411.5336,1379.566918,133.0794,0,0,12778.13191,0,0,0,10050.4,11565.576,3345.989822,0,815.237416,519.2,1630.006908,802.42408,896.958264,1595.04,0,510.231515,0,0,200.280253,106.588868,1706.17977,4312.859202,4482.110607,0,56729.98777,0,0,877.212208,2730.973702,0,10315.36826,90879.325,242360.826,361.595,0,615775.7698,497.4006,5157.744466,12387.96576,17085.36768,3350.5,2177.7,58126.82,23001.76,43341.915,0,99.93,6019.038972,3126.4,616.873289,0,595861.7215,0,0,0,0,2339,6105,0,224,965,9419,500,648,997,266,2127,829,0,3415,156498,1086,4500,853,37636,682956,25495,58707,212809,107532,300451,556,459,101898,434,418698,55787,1744077,298725,2049,17166,22933,1572,120,0,172940,254460,105347,0,6147,9432,931,444,4002,5347,537,0,237,21,0,0,156,0,14,61,44,1,52,10,1,7,49,0,5,25,112,1027,0,400,0,0,0,2,14,13,114,31997.4,7247.63,0
08,ATLÁNTICO,0,339,59038,6,0,1,0,5960,0,0,0,0,0,0,0,0,0,0,6612,0,62378,101228,161,7081,121212,7415,0,7613,460,1730,36357,65471,11074,0,714,0,101228,125468,0,0,2853.745694,6383.469511,0,1316.897115,53514.2325,79.701333,0.9938,0,0,8476.207936,0,0,0,0,0,257.912099,0,605.528661,321.8,1040.429887,0,2.613162,639.9,0,485.942828,0,0,12.079629,33.721046,0,0,1381.390614,0,182406.3175,0,0,0,2055.20218,0,3366.206266,11551.595,168950.745,0,0,26431.81647,8.1162,575.921135,1021.666762,3405.745151,0,0,25186.315,14328.58,5170.85,0,312.64,0,1798.6,0,40.58,432594.7585,0,0,0,0,1380,337,0,166,1152,4022,0,1,400,0,1423,50,0,3696,56141,388,0,3,0,264609,11247,522,22281,13466,213027,0,64,4545,7,293056,7386,549726,78877,179,80,22576,329,0,0,20160,120846,64285,0,4339,4972,420,1219,2187,3274,150,2,225,8,0,0,15,0,6,9,13,0,1,3,0,6,6,0,5,0,81,3,0,64,0,0,0,0,3,0,81,63,2.79,0
11,BOGOTÁ  D.C.,0,647,183468,3,0,181,0,0,0,0,0,0,0,0,0,0,0,0,1500,0,18399,82466,143,15991,84208,19222,0,2100,228,1183,2706,70373,19035,0,0,0,82466,109091,0,0,85279.90685,3353.514381,0,2331.811222,175280.948,49.2934,188.5576,0,0,0,0,0,0,0,0,281.787229,0,2861.432509,196.4,368.869796,799.214384,36.584269,1276.5,0,0,0,0,1.691148,15.571041,0,0,0,0,0,0,0,0,408.5289,0,5822.479335,30456.58,111371.21,0.09,0,73524.84203,170.5182,1349.635333,1664.278783,807.652341,0,0,26363.425,1008.09,8960.33,0,0,0,5755,0,110.808333,278580.6747,0,0,0,0,1770,265,0,784,489,2534,498,14,798,0,0,7,0,2778,63353,0,600,2,0,85138,8167,501,57273,33935,139878,0,156,8380,149,432177,34524,695240,131381,287,0,37865,644,102,43,28750,107556,3904,0,9796,14876,154,0,6530,8119,580,6,2097,15,0,0,13,0,1,7,2,1,2,1,0,0,1,0,1,6,0,3,0,29,0,0,1,2,5,0,0,54.28,0,0
13,BOLÍVAR,0,814,120374,15,0,13,0,5726,0,0,0,1561,0,740,0,0,0,1461,12477,679,81386,166753,2221,16018,151279,15990,0,8450,4122,4127,34115,117063,29284,0,0,740,166753,192911,0,0,655.526802,15667.06558,0,1706.583225,103084.1901,220.46422,13.2106,0,0,8819.670438,0,0,0,1838.8,0,634.971213,0,1479.935442,99.4,3130.363188,802.42408,869.995038,800,0,558.586956,2521.959395,0,40.587551,96.393482,2425.587641,0,3703.712208,0,49752.41315,0,0,249.7,3730.778337,0,10938.22286,25912.425,222985.98,0,0,24737.02904,56.3574,400.253004,1060.526078,18054.18149,0,0,51539.455,13616.11,13910.635,0,0,2425.587641,2040.4,962.304,8773.906261,431726.8746,0,0,0,0,1701,886,0,405,225,7909,500,295,500,1742,1874,168,0,6574,88957,1090,6005,1089,2437,352558,21078,7723,57893,31283,277080,0,43,3757,49,301780,16989,738048,81165,196,4298,21705,733,0,0,58085,222350,63193,0,4835,5000,592,0,2646,3338,100,511,44,11,0,0,33,0,8,8,18,2,16,2,4,3,9,0,2,58,33,1214,0,105,0,0,0,0,6,9,33,43968.94,1977.64,0
15,BOYACÁ,0,262,4833,1,0,0,0,667,0,0,0,0,0,260,0,0,0,1174,6722,0,53387,55632,183,849,62071,2010,0,4493,0,3681,23484,45693,2287,0,0,260,55632,73947,0,0,397.848299,4741.862401,0,229.546193,3909.56365,9.23,0,0,0,1063.073639,0,0,0,0,0,715.20668,0,151.293195,0,3847.962597,0,31.357946,0,0,0,0,0,65.471593,0,875.921915,0,0,0,38520.34884,0,0,260,1986.255948,0,4811.292008,3330.205,91561.105,0,0,8375.053622,11.6988,76.5045,334.977972,0,0,0,19838.92,9639.82,1158.14,0,0,875.921915,298,0,23.58,173710.4768,0,0,0,0,150,803,0,42,5,13751,0,12,0,57,232,271,0,0,297,0,3500,10,0,192918,15173,628,2650,4020,114102,0,9,1333,10,147198,15716,533429,32724,58,0,2947,145,0,0,4606,87541,44164,0,803,1244,442,0,370,406,137,1,15,1,0,0,40,0,13,4,81,0,6,0,1,1,42,0,0,30,58,13,0,188,0,0,0,0,1,0,58,185.64,845.98,0
17,CALDAS,0,629,19591,1,0,2,0,1238,0,0,0,462,627,0,0,0,0,162,1295,0,24058,34294,266,2733,24846,4964,5706,9242,0,2121,11589,20495,5802,0,4565,0,34294,48740,0,0,755.79294,12295.50082,0,587.917035,15382.453,3.32,2.06,0,0,2752.682547,0,0,0,538.8,1723.596,727.73187,141.771955,192.853065,1.2,30.438595,0,135.884429,0,0,0,1241.108617,0,44.694627,0,0,0,2342.839293,0,50783.01714,0,162,110,329.843186,0,2515.683158,7622.625,33500.55,8627.945,0,21784.25082,13.92,100.117,666.981133,389.562259,0,0,7601.04,4029.04,2568.89,0,1908.31,0,816.6,0,0,127833.1376,0,0,0,0,701,599,100,53,4,1820,0,281,0,469,0,185,0,3595,0,554,3600,34,0,93037,7106,921,8954,8883,41603,10071,11,3206,12,66515,12566,480492,69559,92,0,3819,459,0,0,10262,35336,19920,0,1193,2391,190,7963,919,997,128,0,84,5,0,0,32,1,5,1,8,0,39,0,3,0,18,0,6,37,1359,43,1,113,0,0,0,0,3,0,179,565.5,416.17,0
18,CAQUETÁ,0,1261,72588,20,0,213,0,1366,0,0,0,807,0,371,14,0,0,0,1500,0,25796,29696,6603,6727,25129,15336,0,5168,0,1074,7068,18333,18614,0,0,385,29696,47026,0,0,439.294129,24098.61046,0,1909.326932,61399.6966,297.898729,220.6328,0,0,2367.212995,0,0,0,618,0,543.715958,0,159.679284,0,705.632659,0,847.702679,559.64,0,277.681532,0,0,47.352146,28.903205,993.946313,165.79395,889.954322,0,8514.645993,0,0,0,584.668233,0,3141.404259,24997.738,36124.696,0,0,43386.3987,451.152,1270.718804,2526.100718,261.333334,0,0,8545.42,2873.555,8957.14,0,0,1159.740263,344,1914.446561,0,101757.0327,0,0,0,0,1290,830,0,44,3,3470,0,22,350,252,1223,196,528,0,61396,273,7000,146,0,100370,6918,22126,23118,28428,44470,0,109,7178,396,37427,4869,273230,22612,471,0,3705,673,83,20,35179,34063,12795,0,571,600,217,0,371,468,30,0,15,8,0,0,36,0,7,3,16,0,18,2,3,2,16,2,0,55,24,167,0,105,0,0,1,1,5,30,24,13420.95,2504.89,0
19,CAUCA,0,2386,67893,33,0,4452,0,2542,0,0,0,0,3060,50,181,0,0,42,14230,0,69246,65090,10802,9463,71096,12506,25828,2937,2112,705,29586,60649,17786,0,36460,231,65090,155298,0,1234,1010.120263,45355.7603,0,854.503197,56521.09165,560.3338,4646.6352,0,0,4753.45403,0,0,0,0,11883,1664.138376,0,486.514336,80,6361.372838,0,15.678972,820.55,0,353.493775,0,0,155.344028,80.392531,6.6067,2143.151342,0,0,63636.99396,0,0,32.16,4488.935993,0,9937.092323,18612.7,94016.89,43700.2,0,86860.42792,7570.6002,5440.727066,4714.554378,10003.52237,0,3146.7,24901.11,11947.57,8022.7,0,17256.855,2149.758042,1019.6,1977.086793,0,319539.0977,0,0,0,0,800,2442,0,135,131,15931,0,6,516,1079,1332,643,0,0,94024,0,0,2307,0,267638,22215,35564,30613,21784,122630,50592,511,13958,6961,186066,18555,740970,69378,717,3206,5871,311,0,14,30897,102221,49718,0,1789,2179,515,70084,1166,1386,50,0,33,5,0,0,88,0,15,11,69,0,3,3,10,3,18,0,0,0,494,3181,0,220,0,0,1,0,2,18,226,26644.78,1025,0
20,CESAR,0,2665,110358,25,0,2,0,351,0,0,0,1646,0,1198,253,0,0,1099,5923,312,54752,79002,626,11925,58538,15850,1225,7337,1097,2219,23053,46452,25563,0,71,1451,79002,103575,0,156,1490.355963,49805.49425,0,1115.452878,100008.841,329.217732,1.9876,0,0,594.934083,0,0,0,1943,0,924.690105,0,78.830313,0,2002.232445,0,720.555377,636.17,0,0,0,0,32.131814,58.655645,1499.044136,2817.792243,0,0,26948.06605,0,0,1359.096191,2468.92236,0,4394.61005,25561.19,86771.435,2088.535,0,78724.2853,32.9664,912.32171,2093.259593,3638.420728,2803.08001,397.8,21121.485,10286.605,12411.005,0,42.48,4316.836379,552.2,0,17,209005.0691,0,0,0,0,1020,1013,0,22,4,6558,0,27,400,710,597,133,0,0,44894,0,1200,234,1064,236756,9464,2232,44377,30864,108472,2464,102,12956,28,173571,8528,573448,50390,360,242,7579,423,0,0,49013,87708,43682,0,1585,1839,390,183,668,780,0,1,30,7,0,0,37,0,9,3,27,0,12,3,9,1,12,0,0,10,18,285,0,113,0,0,0,0,3,0,18,23421.34,306.18,0
23,CÓRDOBA,0,1499,89443,31,301,14,0,2235,0,0,0,0,774,150,0,0,0,86,9666,0,108962,137543,5688,12975,140355,15603,2828,3697,0,3759,52773,103322,22514,0,10271,150,137543,198657,0,0,1108.615367,28442.90493,2907.027397,1638.132362,76397.87585,516.1675,14.0636,0,0,4179.871647,0,0,0,0,2200.344,1605.277961,0,201.029528,0,2704.020311,0,679.425989,796.8,0,0,0,0,72.960958,189.436905,543.11884,0,0,0,264921.1123,0,0,280.944264,3230.358265,0,6059.514749,24871.15,205090.13,5007.475,0,49755.37356,48.1566,2807.256652,1505.089606,1198.197758,0,0,46020.91,24130.405,10957.85,0,5094.94,543.11884,716.8,1684.719719,0,607865.0456,0,0,0,0,1110,2278,0,56,58,8802,0,4,498,156,496,302,0,0,166594,0,0,102,0,489330,12650,20709,44526,30682,262458,6677,293,9625,41,331653,17709,746964,63948,301,0,10654,602,0,0,44642,196417,101287,0,1739,1800,806,21804,787,1062,0,0,42,7,1,0,91,0,13,8,51,0,5,3,1,1,10,0,0,0,97,120,0,183,0,0,0,0,5,19,97,16233.76,9055.07,0
25,CUNDINAMARCA,0,705,39518,4,0,4,0,1760,0,0,0,460,1,383,0,0,0,691,4829,0,60301,68360,396,4924,80153,7751,0,4457,0,6166,26724,57405,10674,0,0,383,68360,100853,0,0,268.873737,13303.60668,0,1306.897853,33159.32505,78.088,4.125,0,0,3969.871682,0,0,0,545.4,0.408,739.004943,0,122.268005,687.3,3329.245864,0,146.337077,320,0,0,1376.481329,0,96.39544,19.627904,1364.182039,0,202.820395,0,86381.20973,0,0,833.984,1387.517837,0,6817.032659,12373.805,112499.993,0,0,16645.31044,9.2952,11.334,457.889782,0,0,0,23355.01,10307.31,5067.91,0,0,1364.182039,626,0,0,266493.4618,0,0,0,0,1080,1079,0,34,742,12868,0,196,200,767,0,399,0,4598,42295,126,2800,44,0,219047,20883,1437,16820,14638,140949,0,1,2629,8,112115,18454,896373,71041,101,0,3467,493,0,0,19773,103391,47058,0,1303,1938,529,0,692,1153,0,0,11,10,0,0,46,0,15,11,55,0,23,2,12,0,51,0,5,70,170,58,0,220,0,0,0,0,4,0,172,1856.38,427.98,0
27,CHOCÓ,0,710,62095,3,0,10,0,7722,0,0,0,853,1,152,32,0,0,2686,5101,412,21458,36217,4154,8785,21502,7979,0,2377,0,173,7098,19236,12747,0,1766,184,36217,43853,0,3034,1099.461093,13095.30754,0,1144.478597,50115.18985,47.566,10.0532,0,0,13392.29042,0,0,0,992.8,1.2,1258.605138,21.3285,35.045497,0,292.169957,401.21204,1284.569598,476.84,0,0,0,0,5.315036,47.703295,425.478626,378.9576,0,0,10591.14889,0,27.492571,1411.475448,1842.507235,0,3775.085767,13051.495,31934.425,0,0,15542.77755,41.532,288.37042,556.864411,0,0,7736.7,8984.09,3278,6030.06,0,967.28,804.436226,111.4,0,0,105810.8541,0,0,0,0,1130,1332,1,10,48,1629,250,1,300,2834,474,22,0,0,105747,0,330,94,1257,95730,6901,15006,27050,15675,42411,0,33,2480,36,106470,8568,543436,71023,136,0,2019,417,0,0,25314,37139,14016,0,383,400,195,4211,128,272,0,0,27,7,0,0,72,1,3,8,8,1,28,1,4,1,5,0,0,4,27,128,1,132,0,0,0,0,3,0,27,2003.66,1866.11,0
41,HUILA,0,1204,71916,8,220,573,0,3217,0,0,0,0,3542,200,0,0,0,78,1950,0,54809,98638,3022,5785,72245,12305,42,9279,0,3178,28640,58730,16578,0,434,200,98638,110976,0,0,692.477473,12333.87821,3761.00928,1265.796982,60533.3871,79.855855,519.8145,0,0,5664.038611,0,0,0,0,14012.76,1048.232166,0,314.151452,42,2586.463407,0,271.768857,677.42,0,0,0,0,172.980287,27.090567,9.8332,0,481.414858,0,33903.98277,0,0,27,570.395778,0,5113.016168,19792.005,107287.885,67.28,0,34168.61306,517.54215,801.464201,1482.208506,0,0,0,24304.495,11532.52,7811.35,0,224.12,9.8332,511.6,0,0,223020.3107,0,0,0,0,1080,1228,0,87,70,11625,0,104,426,3695,587,716,0,0,46316,280,0,62,0,219564,18538,10482,19293,23131,132013,82,95,6054,458,158218,11430,433224,39316,284,0,3915,473,0,0,30885,106714,53233,0,992,1100,408,918,614,769,0,0,36,6,1,0,58,0,13,7,42,0,27,4,3,1,21,0,0,0,88,69,0,176,0,0,0,0,4,0,88,2456.69,4,0
44,LA GUAJIRA,0,329,43696,17,0,78,0,2742,0,0,0,350,0,672,0,0,0,298,10380,0,20048,32135,731,4643,26241,7342,10795,2405,0,213,7695,21473,11240,0,23061,672,32135,67562,0,0,1045.429012,6078.975788,0,1184.90657,39763.026,254.923666,83.3214,0,0,3524.46342,0,0,0,415.2,0,292.339282,0,10.67775,49.7,739.259433,0,650.650675,1139.1,0,289.520278,0,0,67.645923,53.682507,1186.190133,0,0,0,8757.003965,0,0,232.75,2868.762857,0,3238.89334,12342.11,40346.85,23256.755,0,12279.09452,92.0334,618.383934,559.63299,732.20517,1836.552012,0,9974.395,3413.85,5507.73,0,12888.175,1186.190133,273.8,0,32,132846.954,0,0,0,0,840,490,0,3,108,3417,0,0,712,340,888,280,0,0,70267,0,0,52,0,92916,6238,2862,16769,14553,51478,28454,61,2070,81,50922,6111,374178,83458,125,0,2726,520,0,0,21924,42599,14844,0,755,900,159,54447,338,433,30,2,90,5,0,0,17,0,3,5,11,0,2,7,7,2,9,0,0,0,12,60,0,63,0,0,0,0,4,0,12,3985.34,274.74,0
47,MAGDALENA,0,1366,85243,13,0,2,0,5070,0,0,0,878,1065,803,0,0,0,2163,5099,1296,45843,109289,692,10810,93765,16987,0,2482,0,0,27062,74862,29008,0,91,803,109289,139688,0,0,2131.601347,25088.23302,0,1212.093496,72576.0322,189.16295,1.846,0,0,8532.637508,0,0,0,1023.4,2855.388,531.822949,0,286.3776,56.5,1626.93866,0,595.423755,793.5,0,266.343015,0,0,128.285661,91.871614,419.70182,0,0,0,14405.17563,0,0,2164.679071,2007.562012,0,4285.191641,27614.165,142820.9,0,0,42252.4502,16.1868,608.555,1240.149122,465.4962,2225.458819,0,34328.055,12701.145,13814.145,0,47.49,419.70182,502.2,0,0,268628.2901,0,0,0,0,1008,895,0,78,119,5338,0,17,496,1789,1059,531,0,2388,110545,0,2010,725,4718,259658,12710,2593,36314,33739,178939,0,50,6901,14,250969,25869,611146,55970,234,0,9485,557,0,0,57238,146553,53981,0,1080,1124,435,224,527,627,30,0,83,6,0,0,20,0,4,3,14,0,10,2,10,2,13,0,1,27,15,804,0,79,0,0,0,0,4,0,15,87184.21,826.4,0
50,META,0,1903,73477,11,0,17,0,30,0,0,0,59,0,0,0,0,0,247,5525,0,27019,40154,2507,6925,29690,14048,0,1424,5663,2568,8394,32428,19525,0,275,0,40154,65716,0,0,298.270868,35923.04039,0,1249.672756,60144.27175,172.769466,17.2632,0,0,48.175248,0,0,0,70.2,0,656.836249,0,140.886614,126.8,514.369802,0,517.18459,680,0,322.14611,0,0,10.388481,141.4155,0,0,0,0,17913.6638,0,0,216.034681,2587.022037,0,2968.611846,22943.963,42754.25,0,0,77587.25421,192.6,959.085145,3206.932923,26792.6435,0,0,13028.115,3344.07,9422.925,0,165.82,0,553,2605.199589,0,144281.8186,0,0,0,0,930,666,0,39,130,4925,0,90,425,370,974,43,0,2859,63502,0,0,1779,0,113569,10521,7978,22009,26052,51383,0,91,12785,168,60620,7855,289504,30399,623,460,6180,567,0,0,35804,57304,14852,0,919,1074,246,727,579,765,40,0,11,6,0,0,43,0,6,4,22,0,7,4,2,5,7,0,2,0,10,2059,0,102,0,0,0,0,4,33,10,885542.42,2855.86,0
52,NARIÑO,0,995,123970,82,0,2047,0,5212,0,0,0,0,0,399,0,0,0,3602,4937,205,64679,96806,14888,14556,90782,16886,12543,3408,4812,2209,27903,91779,26546,0,20014,399,96806,176871,0,808,7221.753735,16772.90456,0,2599.599977,103885.0082,1381.701992,2128.9514,0,0,8391.193119,0,0,0,0,0,1670.66507,0,622.7869,161.2,3294.392096,401.21204,423.332258,634.32,0,297.023709,0,0,262.369543,82.52064,1098.998362,0,0,0,49262.76442,0,0,2168.961941,1723.03522,0,7767.301616,26287.535,119792.555,18861.055,0,46011.27962,3750.5691,6640.188908,4141.437413,16678.04515,0,2060.4,35774.975,10429.81,12094.57,0,8390.92,1098.998362,891.6,2165.043825,0,329408.6322,0,0,0,0,1680,2987,0,171,394,10259,250,571,399,1434,1620,1086,0,1142,158045,0,0,1085,820,264965,20313,51663,50900,30874,161388,20075,581,6923,3299,312668,25356,1084433,62199,739,4408,16478,934,102,36,49559,155743,45044,0,1278,1550,523,32014,969,1021,20,0,423,11,0,0,95,0,21,21,32,1,78,2,9,3,41,0,1,0,99,1592,0,304,0,0,1,2,7,30,99,352159.09,32155.05,0
54,NORTE DE SANTANDER,0,1291,53418,26,0,265,0,225,0,0,0,0,1,260,0,0,0,3872,4181,0,41877,99947,2169,5687,64317,10454,0,5772,998,1440,16611,75076,13927,0,0,260,99947,113739,0,281,6213.926477,24413.36206,0,2070.846677,47863.1715,428.246,276.8566,0,0,327.221784,0,0,0,0,0.408,723.953844,0,127.562834,299.4,1863.774121,0,732.048222,658.27,0,0,0,0,43.003477,46.954953,749.597987,0,0,0,52453.01729,0,0,1009.157137,1032.083041,0,4448.012499,16634.765,91776.4,0,0,60539.86487,747.2502,1317.671596,3868.170942,5053.058832,0,729.3,29411.37,6512.2,6584.07,0,0,749.597987,1176.4,1811.767212,3366.98694,225219.2245,0,0,0,0,1650,1174,0,35,1252,8989,0,28,414,0,1063,178,0,2802,39213,93,2500,105,0,176667,15935,7655,20898,19866,113596,0,131,8769,649,165839,14344,561462,38448,642,3255,11665,822,0,0,26875,134584,30150,0,2303,2500,356,0,1448,1893,40,157,293,11,0,0,51,0,4,31,40,0,16,4,0,2,17,0,4,15,133,127,0,169,0,0,0,0,7,33,133,5170.77,4681.38,0
63,QUINDÍO,0,88,17696,2,0,14,0,825,0,0,0,0,0,0,0,0,0,0,1486,0,15281,20636,175,2150,20541,2867,0,2591,0,1471,7890,11020,3600,0,0,0,20636,24384,0,0,939.988871,1587.5444,0,241.639484,13973.5648,28.55,14.3476,0,0,1960.008356,0,0,0,0,0,512.644355,42.657,181.912753,160.1,0,0,18.292135,740,0,0,1083.93119,0,25.850406,0,0,0,1109.701099,0,7424.91813,0,0,0,277.446845,0,2765.387838,4405.695,26335.3,0,0,9425.124836,25.482,288.6765,414.956561,0,0,0,3833.06,2533.94,1652.06,0,0,0,616.2,0,0,54095.34562,0,0,0,0,180,415,2,50,877,1602,0,7,560,0,0,107,0,3139,0,337,600,1,0,63745,6759,595,6588,5212,32220,0,36,1535,22,54272,4979,205372,18254,74,0,3509,150,0,0,6434,18323,12501,0,1055,1563,115,0,764,863,128,0,41,2,0,0,29,2,5,25,6,0,3,12,0,0,5,0,3,10,14,1,0,90,0,0,0,0,1,0,14,0,0,0
66,RISARALDA,0,271,26681,1,0,9,0,1690,0,0,0,183,0,99,0,0,0,0,13450,0,23573,39249,295,2215,27970,5243,642,2140,0,779,9764,24584,6196,0,2183,99,39249,46461,0,0,887.094338,5187.501704,0,498.855018,22801.1084,10.4088,9.1074,0,0,2482.42102,0,0,0,212.8,0,672.614565,165.863671,294.635833,231.8,0,0,73.168538,400,0,411.798014,1522.418371,0,48.8017,0,9.168489,0,1494.893585,0,38038.74434,0,0,0,3044.446476,0,3821.100692,7955.76,36552,1046.525,0,25615.90928,11.6076,184.206,1240.124666,0,0,0,8818.84,3346.86,2762.945,0,1240.81,9.168489,766.2,0,87.74,112979.464,0,0,0,0,397,794,130,81,412,557,0,28,250,191,987,202,0,5857,0,421,0,11,0,92641,9489,1058,7248,9322,45582,1212,16,4450,10,62335,6065,284141,28723,217,0,8138,199,0,0,10892,41783,16537,0,1581,2012,185,5024,944,1292,70,4,66,3,0,0,46,6,6,13,3,0,7,3,2,4,12,0,5,0,37,11,0,107,0,0,0,0,2,0,37,144.37,22.02,0
68,SANTANDER,0,902,62943,15,745,6,0,3927,0,0,0,229,0,116,0,0,0,281,8742,0,50546,90257,800,4479,74019,14024,0,4903,831,3773,19670,69976,17056,0,0,116,90257,113314,0,0,5249.692465,16884.8506,5632.777654,1584.212088,55077.0584,237.606868,6.1604,0,0,6867.205596,0,0,0,268.8,0,844.86996,0,462.738052,576.9,1550.950345,0,333.479393,1118.12,0,861.224147,2143.439029,0,201.005029,19.397472,314.153916,0,1721.879094,0,37552.78159,0,0,226.84941,1308.015572,0,8092.725953,22154.035,104003.288,0,0,76601.27853,33.507,1476.436592,2830.453052,8303.782697,0,0,29131.685,7714.42,8236.76,0,0,314.153916,1063.2,0,49.406106,249218.8121,0,0,0,0,1190,979,0,127,1103,11165,0,18,699,891,2971,832,0,8115,52815,530,3000,1895,0,190431,26900,2791,15381,25561,127199,0,138,13523,29,199674,15535,591141,41656,447,1597,11223,551,50,0,31049,125968,34602,0,1890,2975,409,0,1285,1558,210,3,179,10,3,0,46,0,6,18,37,0,19,8,7,12,47,0,5,15,59,2500,0,205,0,0,0,1,4,0,59,22807.38,1925.08,0
70,SUCRE,0,1003,107962,13,545,1,0,1995,0,0,0,817,0,0,0,0,0,0,4394,540,75671,63884,534,9727,68382,16252,0,4477,4257,2480,32601,36863,23370,0,2020,0,63884,101740,0,0,509.217688,19646.18533,2585.933707,1278.805103,94485.68925,201.402763,1.0712,0,0,3160.930437,0,0,0,961.4,0,1390.145957,0,266.942239,0,2617.722378,401.21204,603.035881,800,0,398.958811,0,0,125.386549,42.980881,0,0,807.676092,0,29803.83588,0,0,0,1560.200584,0,6603.403855,24868.14,102309.58,0,0,32146.23082,11.7444,583.084209,565.816219,7882.671671,0,0,17113.62,14381.53,11077.68,0,930.25,0,493.8,1479.62345,0,226371.6559,0,0,0,0,855,1633,0,74,4,7220,250,0,500,33,1284,519,0,0,65264,283,0,94,1867,324114,11517,1935,35822,30140,127727,0,73,5930,10,189029,14751,495815,25708,128,795,7359,505,49,0,44197,70802,61351,0,629,651,540,3782,461,601,87,0,16,8,2,0,77,0,10,3,26,1,2,3,1,2,15,0,0,0,29,103,0,140,0,0,0,1,4,13,29,4828.56,0,0
73,TOLIMA,0,1015,61219,22,0,199,0,2071,0,0,0,107,0,207,0,0,0,0,5166,249,68225,101393,4474,5436,69718,12680,3513,8672,100,3673,28763,55181,16302,0,5827,207,101393,114198,0,0,1502.658507,18084.63197,0,1038.170309,51409.76275,385.931,204.3052,0,0,3838.51732,0,0,0,126,0,995.845009,0,954.857021,269,3295.456443,0,428.558581,398.4,0,344.656402,0,0,238.210281,31.821008,451.302719,0,0,0,34029.62784,0,0,0,1675.1903,0,6924.983737,20253.015,101105.37,5739.76,0,31849.5729,294.7071,914.723263,1403.034646,732.699578,0,0,21762.53,11398.72,7450.72,0,2659.45,451.302719,975.8,2279.96023,23.58,221696.3363,0,0,0,0,931,1201,0,262,382,13097,0,2360,249,4815,1182,986,0,1524,76015,0,700,119,715,259023,26058,15610,18536,24098,124305,7204,103,5158,258,76553,16534,582854,58344,262,0,6900,502,0,0,30341,97855,52252,0,1474,1770,505,11076,1138,1414,162,1,32,7,0,0,64,0,21,14,66,0,55,1,12,2,34,0,1,5,92,161,0,270,0,0,0,0,4,13,54,2812.1,264.6,0
76,VALLE DEL CAUCA,0,1301,131644,45,0,331,0,2789,0,0,0,0,0,1197,0,0,0,510,7157,77,74077,144094,7901,13985,107948,17306,0,10828,1566,4475,30743,101265,26573,0,413,1197,144094,181249,0,1678,14135.93633,24789.46837,0,1895.055163,121283.4326,883.708474,336.2902,0,0,5758.593377,0,0,0,0,0,1615.631948,0,246.932217,84,3381.968356,797.609536,18.292135,1112.99,0,825.596943,0,0,44.93622,53.589941,7318.606482,0,1180.647109,0,73303.88238,0,0,352.677742,2537.647133,0,8127.957355,26278.3,140102.615,0,0,89582.98243,387.3171,4632.526254,5944.444965,2139.367162,0,4278.9,36503.93,10883.265,11966.98,0,246.72,7318.606482,2308,201.895996,0,349019.9924,0,0,0,0,1390,1999,0,68,154,10537,497,2399,700,1138,2524,186,0,4560,103361,385,6800,6879,320,290351,24762,34952,48511,31203,171214,0,424,13605,337,319471,28935,1450531,104167,946,4485,38973,653,51,27,45647,164341,49567,0,5999,8709,573,633,2975,4573,160,0,353,11,0,0,75,0,8,13,50,2,9,7,16,5,17,0,5,47,205,9003,0,207,0,0,1,1,6,4,205,267777.33,1733.4,0
81,ARAUCA,0,728,26169,21,0,236,0,0,0,0,0,0,0,0,0,0,0,0,1058,0,13014,21313,1689,2286,16719,5590,0,2538,0,59,4776,13153,7540,0,46,0,21313,26949,0,0,63.957317,13953.43188,0,932.73454,20707.86665,311.693971,244.664,0,0,0,0,0,0,0,0,591.227983,0,71.185,0,1553.481447,0,279.608346,389.62,0,0,0,0,156.55199,23.72409,0,0,0,0,1080,0,0,0,430.012069,0,3041.674765,9044.825,24105.83,0,0,27084.56565,166.3494,1002.298866,1606.59196,0,0,0,5369.24,1887.395,3573.89,0,26.42,0,356,0,1788.107933,49935.70278,0,0,0,0,750,889,0,20,59,2856,0,154,245,0,0,648,0,0,43083,0,0,95,0,52767,4871,5198,7655,10551,29049,0,100,4616,145,14061,3640,144173,15316,295,0,1541,470,0,0,14069,23405,8436,0,447,500,103,130,352,421,40,58,11,5,0,0,27,0,5,6,5,0,25,1,0,0,6,0,0,0,1,124,0,75,0,0,0,0,3,0,1,25515.44,18.5,0
85,CASANARE,0,399,9879,6,0,0,0,0,0,0,0,0,0,0,0,0,0,0,1680,0,22806,33278,228,1721,26081,3723,0,1918,0,1918,11791,18925,4387,0,94,0,33278,37390,0,360,19.212375,7533.208809,0,296.913732,8111.1001,102.64361,0,0,0,0,0,0,0,0,0,86.585879,0,146.325627,97.6,0,0,99.30016,303.94,0,0,0,0,21.260147,0,0,0,0,0,1000,0,0,0,981.546182,0,755.011813,6115.965,37192.09,0,0,18717.07946,6.9372,397.8052,974.064738,0,0,918,7815.55,4824.09,2025.73,0,48.64,0,353.8,0,70.74,62346.5491,0,0,0,0,180,75,0,41,101,1985,0,38,190,0,386,88,0,0,0,0,0,45,0,91299,2904,757,5677,7102,45656,0,44,2915,6,10135,2927,149697,14762,166,0,3066,111,0,0,8081,33427,21840,0,649,794,162,192,358,439,0,3,3,2,0,0,5,0,13,2,9,0,4,1,0,1,6,0,0,0,1,56,0,41,0,0,0,0,1,0,1,16046.35,0,0
86,PUTUMAYO,0,2086,54848,29,0,139,0,2386,0,0,0,611,617,244,0,0,0,4010,3086,0,20379,26341,4116,4250,15992,12168,2997,1223,0,1115,6116,12651,14023,0,3450,244,26341,38855,0,558,727.771258,37667.86026,0,2812.863296,43291.59725,535.188208,143.2454,0,0,3453.978375,0,0,0,715.6,1349.256,1216.906084,0,125.690385,0,622.905712,0,383.94783,491.31,0,0,0,0,128.527251,23.958918,71.565511,0,0,0,3820.898813,0,0,891.300654,1205.234085,0,2969.287263,19896.54,22841.2,4004.68,0,58588.95384,117.75,1802.799089,2302.885905,0,0,1422.9,5627.79,2636.18,6603.125,0,1681.07,71.565511,0,3369.078965,0,80514.64252,0,0,0,0,2140,1647,0,35,189,3080,0,110,309,167,395,532,0,0,52844,0,0,384,0,81375,6464,12989,13211,22859,28670,6064,176,8719,102,28922,6303,209274,10214,402,0,1181,1239,48,39,26047,22032,10714,0,67,250,159,6672,0,0,0,0,24,13,0,0,72,0,9,7,15,0,44,2,1,1,13,0,0,0,12,436,0,164,0,0,2,1,8,49,12,10471.68,15181.28,0
88,ARCHIPIÉLAGO DE SAN ANDRÉS  PROVIDENCIA Y SANTA CATALINA,0,0,67,0,0,0,0,0,0,0,0,0,774,0,0,0,0,730,2779,0,1675,984,2,10,1447,4,0,0,0,26,855,1588,12,0,0,0,984,2695,0,0,41.670455,0,0,301.228953,46.4295,0,0,0,0,0,0,0,0,0,1709.928,213.914783,0,0,4.8,0,0,0,0,0,0,0,0,0,0,0,0,135.193188,0,3698.948937,0,0,354.052844,774.228404,0,218.714783,4.92,1801.67,0,0,0,0,0,0,0,0,0,561.63,292.54,5.3,0,0,0,80.2,0,0,7916.24472,0,0,0,0,180,289,0,0,10,452,0,0,0,339,0,0,0,0,0,53,0,0,0,5623,1090,7,32,6,2209,0,0,0,0,3277,3255,34875,2526,0,0,539,230,0,0,17,2571,1421,0,121,250,12,0,86,107,25,0,6,1,0,0,9,0,0,1,2,0,0,0,2,0,0,0,0,0,4,0,0,14,0,0,0,0,2,0,4,0,0,0
91,AMAZONAS,0,2,931,0,0,0,0,0,0,0,0,0,0,0,0,0,0,14,1125,0,1096,2767,38,86,1618,163,2015,0,0,21,507,1528,149,0,2759,0,2767,5108,0,400,0,42.024,0,220.573753,731.0948,0,0,0,0,0,0,0,0,0,0,152.734474,0,3.55925,0,0,0,0,0,0,0,0,0,7.48937,0,0,0,0,0,1827.85274,0,0,90,171.572467,0,163.783094,291.335,2591.53,4093.305,0,315.47989,0,11.334,5.895,0,0,1020,672.65,232.55,76.47,0,1537.16,0,0,0,0,12898.78205,0,0,0,0,153,148,0,1,4,262,0,0,0,0,0,31,0,0,0,0,0,4,0,5374,446,139,239,310,3318,4992,1,62,0,3768,1316,34062,3718,3,0,207,146,0,0,320,3242,1169,0,27,94,8,6659,0,0,40,0,0,1,0,0,7,0,1,2,1,0,0,0,0,0,1,0,0,0,3,4,0,12,0,0,0,0,1,0,3,69.08,408.5,0
94,GUAINÍA,0,5,3050,0,0,0,0,0,0,0,0,0,432,0,0,0,0,0,0,0,555,1148,109,286,343,548,0,0,0,9,170,413,667,0,204,0,1148,1945,0,387,5.9526,85.078,0,327.723068,2660.1775,0,0,0,0,0,0,0,0,0,1268.676,106.275672,0,0,0,205.738054,0,0,0,0,0,0,0,1.691148,0,0,0,0,0,550,0,0,0,0,0,313.704874,1039.314,467.075,0,0,1.68597,0,0,0,0,0,974.1,187.03,80.21,351.71,0,106.4,0,0,0,0,4403.219542,0,0,0,0,330,83,0,0,0,504,0,0,0,0,0,7,0,0,0,0,0,8,0,3020,594,478,1104,1320,631,0,0,1,0,1835,870,22708,620,0,0,0,136,0,0,1559,792,347,0,0,0,4,417,0,0,0,0,6,2,0,0,5,0,0,0,2,0,0,0,0,0,1,0,0,0,2,9,0,8,0,0,0,0,1,0,2,735.05,133.3,0
95,GUAVIARE,0,433,14399,8,0,24,0,0,0,0,0,0,256,465,0,0,0,29,2286,0,4866,4714,1420,1230,4851,2602,0,770,0,427,1849,3989,2624,0,0,465,4714,9054,0,0,264.710998,8371.101201,0,583.684704,10851.6887,110.722953,24.4192,0,0,0,0,0,0,0,719.304,356.723304,0,64.0665,0,0,393.187799,39.197431,319.83,0,0,0,0,26.333591,0,825.680103,0,0,0,4970,0,0,10.647175,521.685681,0,1199.338626,4168.418,6963.595,0,0,10316.34076,39.5844,362.684438,727.388303,5255.274598,0,0,1755.32,773.1,1190.71,0,0,825.680103,267.8,0,0,28739.31771,0,0,0,0,360,464,0,18,0,466,245,15,200,3303,0,109,0,0,19530,0,0,67,0,18848,4820,4249,3735,4873,8514,0,38,1491,34,1981,2183,64947,5608,122,0,1104,287,0,0,4835,7372,3534,0,428,450,39,0,315,361,60,0,1,2,0,0,22,0,3,0,1,1,3,1,1,0,3,0,0,0,3,78,0,35,0,0,0,0,2,0,3,11065.76,4723.31,0
97,VAUPÉS,0,48,947,1,0,0,0,0,0,0,0,0,0,0,0,0,0,0,300,0,428,766,83,88,288,124,0,700,0,3,161,436,226,0,0,0,766,848,0,0,0,1022.584,0,252.042476,872.83955,19.876,0,0,0,0,0,0,0,0,0,75.822664,0,0,0,0,0,0,0,0,0,0,0,0,0,0,0,0,0,1710.209878,0,0,0,79,0,75.822664,235.405,459.12,0,0,371.210738,1.179,0,5.664733,0,0,0,209.78,74.9,112.835,0,0,0,0,0,0,3209.115018,0,0,0,0,180,59,0,0,0,0,0,0,0,0,0,0,0,0,0,0,0,6,0,1823,59,268,339,304,600,0,0,23,1,2835,625,21940,820,3,0,0,135,0,0,533,916,320,0,0,0,5,0,0,0,0,0,0,1,0,0,4,0,0,0,0,0,0,0,0,0,0,0,0,0,1,6,0,4,0,0,0,0,1,0,1,514,110.7,0
99,VICHADA,0,51,2487,0,0,0,0,0,0,0,0,0,48,0,0,0,0,0,586,0,1622,1039,302,143,1536,376,0,0,0,9,613,1188,506,0,0,0,1039,2457,0,250,10.520351,907.197962,0,268.036828,2032.4985,0,0,0,0,0,0,0,0,0,41.208,76.43051,0,3.55925,0,0,0,0,0,0,0,0,0,14.978741,0,0,0,0,0,0,0,0,0,200,0,94.968501,607.62,2254.965,0,0,408.035562,0,11.334,22.668,0,0,637.5,544.78,268.83,252.03,0,0,0,0,0,42.808333,5139.25068,0,0,0,0,210,86,0,1,0,291,0,0,0,0,0,62,0,0,0,0,0,53,0,7480,440,954,480,743,2811,0,1,63,0,3585,573,51821,877,4,0,129,143,0,0,1074,2341,1159,0,24,63,15,0,0,0,20,2,7,1,0,0,4,0,1,0,1,0,0,0,0,0,3,0,0,0,0,64,0,9,0,0,0,0,1,0,0,17177.65,4436.13,0
